player_id,handle,real_name,country,current_team,agent,usage_count,usage_percent,rounds_played,rating,acs,kd,adr,kast,kpr,apr,fkpr,fdpr,kills,deaths,assists,first_kills,first_deaths
7,bonkar,Malkolm Rench,Sweden,,astra,21,0.06,465,0.86,152.1,0.87,97.8,0.71,0.57,0.26,0.04,0.08,267,308,120,19,35
10,rhyme,Emir Muminovic,Norway,,astra,15,0.04,313,1.02,187.9,1.06,120.2,0.74,0.68,0.33,0.07,0.1,214,201,103,21,30
11,Zyppan,Pontus Eek,Sweden,,astra,2,0.0,41,1.18,209.5,1.14,128.7,0.78,0.78,0.37,0.07,0.02,32,28,15,3,1
14,rain,Amanda Smith,Canada,,astra,62,0.22,1198,1.1,202.0,1.13,130.5,0.73,0.74,0.34,0.07,0.06,883,780,403,80,73
15,m1lky,Kiara Blue Kukilakilaokalani Makua,United States,,astra,16,0.13,321,0.86,190.9,0.84,119.1,0.7,0.65,0.32,0.11,0.14,209,249,103,36,44
17,theia,Melisa Mundorff,United States,,astra,84,0.15,1653,0.97,169.3,0.93,108.2,0.75,0.57,0.41,0.06,0.06,950,1025,672,107,105
22,Joseph,Joseph Rivera,United States,,astra,26,0.12,533,0.97,181.8,0.98,113.9,0.72,0.65,0.29,0.04,0.05,347,354,155,19,29
31,Trick,Justin Sears,United States,,astra,3,0.01,65,0.69,122.3,0.61,80.6,0.71,0.42,0.45,0.03,0.08,27,44,29,2,5
36,YaBoiDre,Diondre Bond,United States,,astra,6,0.01,128,0.87,166.7,0.83,114.3,0.69,0.6,0.27,0.09,0.08,77,93,34,11,10
45,SicK,Hunter Mims,United States,,astra,4,0.01,87,0.87,187.8,0.85,118.7,0.67,0.67,0.31,0.06,0.09,58,68,27,5,8
47,zombs,Jared Gitlin,United States,,astra,77,0.23,1597,0.94,173.1,0.96,111.0,0.76,0.62,0.33,0.06,0.07,988,1029,525,93,112
50,Skadoodle,Tyler Latham,United States,,astra,21,0.14,387,1.12,189.0,1.21,114.7,0.76,0.69,0.33,0.05,0.05,266,219,128,20,20
52,JoshRT,Josh Lee,United States,,astra,3,0.02,58,0.25,147.3,0.71,92.4,0.53,0.52,0.28,0.07,0.1,30,42,16,4,6
53,Inspire,Hunter Schline,United States,,astra,5,0.02,122,1.02,195.2,1.04,128.3,0.7,0.7,0.3,0.06,0.08,85,82,36,7,10
54,cp2,Chuck Proud,United States,,astra,85,0.34,1711,1.09,192.7,1.15,122.1,0.76,0.69,0.32,0.08,0.07,1183,1032,550,134,125
56,shroud,Michael Grzesiek,Canada,,astra,1,0.09,23,0.59,123.0,0.47,81.2,0.7,0.35,0.35,0.09,0.09,8,17,8,2,2
62,HUYNH,Danny Huynh,Vietnam,,astra,88,0.09,1827,1.02,185.9,1.03,120.3,0.74,0.67,0.38,0.07,0.07,1217,1180,690,129,130
64,gMd,Anthony Guimond,Canada,,astra,137,0.16,2957,1.09,204.1,1.13,133.1,0.76,0.74,0.36,0.07,0.07,2175,1924,1055,203,198
68,ROY,Roy Ahad,Canada,,astra,5,0.01,106,1.08,211.2,1.13,140.9,0.74,0.76,0.31,0.1,0.08,81,72,33,11,8
69,thief,Brady Dever,United States,,astra,71,0.1,1438,1.12,212.1,1.17,135.9,0.77,0.76,0.36,0.08,0.06,1087,932,517,110,81
73,reltuC,Stephen Cutler,United States,,astra,23,0.08,420,0.92,161.5,0.97,105.4,0.77,0.57,0.22,0.04,0.05,241,248,93,18,22
74,hazed,James Cobb,United States,,astra,73,0.18,1504,1.0,178.9,0.99,119.0,0.72,0.63,0.36,0.07,0.09,954,964,541,107,131
75,Subroza,Yassine Taoufik,Canada,,astra,27,0.07,574,1.08,202.7,1.11,129.9,0.75,0.72,0.38,0.11,0.07,411,370,218,63,39
80,witmer,Shawn Taylor,United States,,astra,6,0.03,128,0.71,159.0,0.7,114.1,0.66,0.57,0.22,0.05,0.13,73,104,28,7,16
90,iDex,Sammy Van de Weghe,Belgium,,astra,2,0.01,34,0.82,218.0,0.79,138.4,0.59,0.76,0.06,0.24,0.15,26,33,2,8,5
97,Kryptix,James Affleck,United Kingdom,,astra,20,0.06,435,0.97,169.3,0.97,117.2,0.74,0.61,0.32,0.04,0.05,264,271,140,17,21
99,L1NK,Travis Mendoza,United Kingdom,,astra,28,0.07,587,1.04,181.3,1.08,118.7,0.76,0.66,0.3,0.07,0.04,385,358,177,39,26
100,ec1s,Adam Eccles,United Kingdom,,astra,27,0.08,566,1.03,184.4,1.08,117.8,0.73,0.7,0.31,0.06,0.07,396,365,177,36,41
3,AZK,Keven Larivière,Canada,,breach,50,0.56,1051,,199.8,1.06,126.6,,0.72,0.4,0.08,0.05,756,710,422,88,41
4,crashies,Austin Roberts,United States,,breach,11,0.02,224,1.05,184.3,1.04,118.4,0.76,0.68,0.35,0.06,0.04,152,146,78,13,10
7,bonkar,Malkolm Rench,Sweden,,breach,50,0.15,1051,0.85,141.8,0.81,90.1,0.74,0.51,0.39,0.06,0.05,531,656,405,58,53
9,TenZ,Tyson Ngo,Canada,,breach,6,0.01,144,1.21,213.2,1.19,142.7,0.74,0.78,0.42,0.03,0.02,113,95,61,4,3
10,rhyme,Emir Muminovic,Norway,,breach,19,0.05,398,1.08,177.2,0.96,116.4,0.81,0.63,0.42,0.05,0.08,251,261,169,20,27
11,Zyppan,Pontus Eek,Sweden,,breach,30,0.06,618,1.02,187.2,1.03,124.6,0.75,0.69,0.37,0.06,0.06,429,415,229,35,37
16,EMUHLEET,Emmalee Garrido,United States,,breach,59,0.2,1141,0.93,155.3,0.84,100.4,0.73,0.54,0.46,0.03,0.05,612,730,527,36,52
17,theia,Melisa Mundorff,United States,,breach,11,0.02,187,,212.6,1.09,123.2,,0.74,0.37,0.1,0.04,138,127,69,18,7
20,Khai,Andrew Nguyen,United States,,breach,11,0.11,244,,187.7,0.92,123.1,,0.66,0.48,0.07,0.09,161,175,118,16,21
21,Turnup,Joseph Sicre,United States,,breach,15,0.1,289,0.76,168.7,0.8,109.0,0.61,0.58,0.34,0.06,0.04,167,210,98,17,13
25,Jack1,Jack Hughett,United States,,breach,18,0.34,382,0.98,183.7,0.94,122.9,0.73,0.64,0.31,0.07,0.06,244,259,120,25,23
31,Trick,Justin Sears,United States,,breach,15,0.03,306,0.85,177.7,0.82,108.5,0.74,0.6,0.42,0.08,0.1,184,225,130,23,32
36,YaBoiDre,Diondre Bond,United States,,breach,11,0.03,228,,188.9,1.03,117.5,,0.71,0.36,0.09,0.08,161,157,82,21,18
38,Pride,Alfred Choi,Canada,,breach,2,0.06,33,,149.5,0.76,107.0,,0.58,0.33,0.06,0.03,19,25,11,2,1
45,SicK,Hunter Mims,United States,,breach,15,0.04,321,1.01,201.9,1.04,124.6,0.62,0.73,0.32,0.06,0.08,234,226,102,18,27
46,ShahZaM,Shahzeb Khan,United States,,breach,44,0.11,952,0.88,206.3,1.12,115.9,0.68,0.75,0.31,0.1,0.09,718,641,294,91,42
48,dizzy,,United States,,breach,1,0.05,17,1.4,255.0,1.67,158.1,0.88,0.88,0.59,0.06,0.0,15,9,10,1,0
50,Skadoodle,Tyler Latham,United States,,breach,15,0.1,282,,180.7,1.02,114.9,,0.6,0.5,0.07,0.04,169,166,141,20,12
52,JoshRT,Josh Lee,United States,,breach,44,0.28,900,,175.3,0.81,108.6,,0.61,0.5,0.06,0.11,548,673,450,54,99
53,Inspire,Hunter Schline,United States,,breach,7,0.02,150,1.1,192.7,1.2,121.8,0.79,0.69,0.36,0.07,0.09,104,87,54,10,14
54,cp2,Chuck Proud,United States,,breach,19,0.08,386,,160.5,0.96,102.6,,0.6,0.48,0.05,0.02,232,241,186,18,9
57,Hiko,Spencer Martin,United States,,breach,6,0.03,131,1.16,180.0,1.14,124.2,0.81,0.69,0.39,0.01,0.02,90,79,51,1,3
58,Relyks,Skyler Weaver,United States,,breach,4,0.02,71,0.55,194.3,1.17,113.4,0.7,0.68,0.58,0.06,0.06,48,41,41,4,4
62,HUYNH,Danny Huynh,Vietnam,,breach,46,0.05,922,0.95,171.3,0.89,112.5,0.75,0.6,0.46,0.05,0.06,554,625,425,43,51
63,MkaeL,Michael De Luca,Canada,,breach,3,0.01,61,,157.7,0.94,102.6,,0.56,0.39,0.0,0.05,34,36,24,0,3
64,gMd,Anthony Guimond,Canada,,breach,57,0.07,1176,1.01,198.9,1.07,129.3,0.74,0.72,0.37,0.06,0.07,850,798,437,67,75
65,effys,Loic Sauvageau,Canada,,breach,45,0.12,977,0.98,175.0,0.99,113.5,0.75,0.64,0.38,0.05,0.05,630,639,371,49,42
68,ROY,Roy Ahad,Canada,,breach,111,0.17,2308,0.93,169.6,0.91,111.5,0.73,0.6,0.36,0.07,0.07,1391,1524,839,153,171
69,thief,Brady Dever,United States,,breach,1,0.0,24,0.87,195.0,0.79,119.4,0.75,0.63,0.46,0.08,0.08,15,19,11,2,2
70,anger,Todd Williams,United States,,breach,9,0.08,182,,171.2,0.97,115.9,,0.64,0.34,0.06,0.08,116,119,62,11,14
71,Drone,Taylor Johnson,United States,,breach,62,0.1,1265,0.98,189.0,1.02,119.3,0.73,0.68,0.37,0.07,0.07,863,848,463,85,83
73,reltuC,Stephen Cutler,United States,,breach,7,0.02,152,,151.4,0.95,98.5,,0.55,0.35,0.03,0.03,83,87,53,5,5
75,Subroza,Yassine Taoufik,Canada,,breach,13,0.03,276,1.0,186.1,1.02,123.1,0.74,0.67,0.42,0.06,0.06,184,180,115,17,16
80,witmer,Shawn Taylor,United States,,breach,1,0.0,26,0.77,195.0,0.86,131.6,0.62,0.69,0.12,0.04,0.12,18,21,3,1,3
82,TviQ,Kevyn Lindström,Sweden,,breach,3,0.05,63,1.11,196.3,1.05,121.5,0.78,0.68,0.48,0.11,0.03,43,41,30,7,2
87,Ex6TenZ,Kévin Droolans,Belgium,,breach,45,0.36,882,0.91,169.5,0.91,103.3,0.76,0.58,0.38,0.06,0.09,515,564,336,52,75
89,Deken,Bastien Bossu,France,,breach,6,0.18,114,0.63,186.0,1.15,111.0,0.67,0.68,0.32,0.04,0.04,78,68,37,5,5
90,iDex,Sammy Van de Weghe,Belgium,,breach,4,0.01,72,0.58,147.5,0.56,97.3,0.61,0.47,0.19,0.06,0.11,34,61,14,4,8
92,ScreaM,Adil Benrlitom,Belgium,,breach,11,0.03,230,,259.8,1.16,,,0.9,0.3,0.13,,207,179,69,30,0
93,Mixwell,Oscar Cañellas,Spain,,breach,6,0.02,125,1.14,221.5,1.12,135.2,0.82,0.74,0.52,0.08,0.05,93,83,65,10,6
98,ardiis,Ardis Svarenieks,Latvia,,breach,18,0.05,366,1.11,200.6,1.13,133.1,0.76,0.74,0.37,0.07,0.08,271,240,136,25,31
99,L1NK,Travis Mendoza,United Kingdom,,breach,27,0.06,578,1.01,174.3,1.04,115.4,0.74,0.63,0.29,0.05,0.04,367,353,166,31,25
100,ec1s,Adam Eccles,United Kingdom,,breach,52,0.15,1069,1.08,182.1,0.92,114.1,0.75,0.62,0.42,0.06,0.08,658,719,454,63,66
2,brax,Braxton Pierce,United States,,brimstone,1,0.0,24,1.36,248.0,1.24,178.7,0.79,0.88,0.46,0.08,0.0,21,17,11,2,0
3,AZK,Keven Larivière,Canada,,brimstone,7,0.08,146,,196.7,1.07,125.5,,0.71,0.22,0.08,0.09,103,96,32,12,13
7,bonkar,Malkolm Rench,Sweden,,brimstone,19,0.06,380,0.88,170.1,0.88,99.7,0.73,0.57,0.29,0.07,0.09,218,248,109,27,36
10,rhyme,Emir Muminovic,Norway,,brimstone,5,0.01,102,0.8,222.6,0.92,98.3,0.79,0.7,0.27,0.11,0.08,71,77,28,11,2
11,Zyppan,Pontus Eek,Sweden,,brimstone,5,0.01,99,0.93,200.8,0.88,131.3,0.73,0.69,0.38,0.11,0.06,68,77,38,11,6
14,rain,Amanda Smith,Canada,,brimstone,29,0.1,602,1.14,208.4,1.15,137.2,0.79,0.73,0.41,0.05,0.04,440,382,249,31,22
15,m1lky,Kiara Blue Kukilakilaokalani Makua,United States,,brimstone,2,0.02,35,1.52,319.0,1.65,189.9,0.8,1.09,0.4,0.14,0.0,38,23,14,5,0
16,EMUHLEET,Emmalee Garrido,United States,,brimstone,11,0.04,187,,166.1,0.83,108.6,,0.56,0.19,0.1,0.08,105,127,35,19,15
17,theia,Melisa Mundorff,United States,,brimstone,20,0.03,454,0.9,165.6,0.85,108.9,0.73,0.56,0.39,0.05,0.09,252,298,179,24,39
22,Joseph,Joseph Rivera,United States,,brimstone,3,0.01,55,,238.7,1.02,,,0.82,0.15,0.09,,45,44,8,5,0
31,Trick,Justin Sears,United States,,brimstone,3,0.01,64,0.87,173.7,0.76,109.8,0.72,0.55,0.31,0.09,0.14,35,46,20,6,9
36,YaBoiDre,Diondre Bond,United States,,brimstone,3,0.01,70,1.07,193.3,0.95,124.6,0.8,0.6,0.44,0.09,0.04,42,44,31,6,3
38,Pride,Alfred Choi,Canada,,brimstone,25,0.78,523,,225.3,1.1,116.3,,0.79,0.24,0.1,0.08,411,372,125,51,5
45,SicK,Hunter Mims,United States,,brimstone,1,0.0,23,0.62,159.0,0.67,109.2,0.74,0.52,0.48,0.04,0.04,12,18,11,1,1
47,zombs,Jared Gitlin,United States,,brimstone,48,0.15,1028,1.11,187.9,0.95,124.6,0.75,0.65,0.28,0.08,0.08,667,700,285,82,39
52,JoshRT,Josh Lee,United States,,brimstone,5,0.03,107,0.78,211.0,0.93,132.2,0.64,0.73,0.33,0.08,0.08,78,84,35,9,9
53,Inspire,Hunter Schline,United States,,brimstone,1,0.0,22,1.3,248.0,1.62,148.6,0.86,0.95,0.27,0.18,0.14,21,13,6,4,3
54,cp2,Chuck Proud,United States,,brimstone,4,0.02,76,,216.8,1.27,129.2,,0.8,0.46,0.12,0.13,61,48,35,9,10
56,shroud,Michael Grzesiek,Canada,,brimstone,2,0.18,64,0.91,166.5,0.77,109.8,0.75,0.53,0.45,0.08,0.03,34,44,29,5,2
58,Relyks,Skyler Weaver,United States,,brimstone,12,0.05,258,1.21,200.5,1.0,136.8,0.81,0.67,0.33,0.05,0.0,173,173,86,14,0
61,PLAYER1,Keven Champagne,Canada,,brimstone,57,0.26,1176,,206.4,1.02,127.9,,0.69,0.32,0.09,0.1,808,791,382,111,35
62,HUYNH,Danny Huynh,Vietnam,,brimstone,60,0.06,1242,1.02,193.4,0.95,125.4,0.76,0.66,0.53,0.07,0.07,814,857,661,93,93
63,MkaeL,Michael De Luca,Canada,,brimstone,3,0.01,58,0.89,137.7,0.81,80.5,0.76,0.5,0.72,0.05,0.05,29,36,42,3,3
64,gMd,Anthony Guimond,Canada,,brimstone,60,0.07,1247,1.13,220.0,1.11,139.5,0.78,0.76,0.46,0.09,0.07,946,851,579,110,86
65,effys,Loic Sauvageau,Canada,,brimstone,5,0.01,112,0.99,176.8,1.03,113.1,0.76,0.63,0.41,0.06,0.04,71,69,46,7,4
69,thief,Brady Dever,United States,,brimstone,18,0.02,379,1.03,205.1,0.99,131.1,0.75,0.71,0.41,0.09,0.06,270,273,155,35,23
70,anger,Todd Williams,United States,,brimstone,14,0.13,282,,220.8,1.04,,,0.74,0.27,0.1,,210,201,75,29,0
71,Drone,Taylor Johnson,United States,,brimstone,2,0.0,34,1.33,211.0,1.44,139.3,0.79,0.76,0.41,0.09,0.03,26,18,14,3,1
72,WARDELL,Matthew Yu,Canada,,brimstone,1,0.0,17,,260.0,1.07,,,0.94,0.06,0.0,,16,15,1,0,0
74,hazed,James Cobb,United States,,brimstone,52,0.13,1050,0.97,187.9,1.02,123.6,0.77,0.64,0.26,0.07,0.1,674,658,270,67,73
75,Subroza,Yassine Taoufik,Canada,,brimstone,52,0.14,1045,0.86,231.5,1.1,140.7,0.68,0.78,0.23,0.13,0.14,813,736,236,135,29
80,witmer,Shawn Taylor,United States,,brimstone,3,0.01,70,0.67,145.0,0.72,92.9,0.67,0.51,0.19,0.03,0.16,36,50,13,2,11
81,Taimou,Timo Kettunen,Finland,,brimstone,1,0.01,24,,194.0,1.0,,,0.67,0.54,0.21,,16,16,13,5,0
87,Ex6TenZ,Kévin Droolans,Belgium,,brimstone,28,0.23,593,1.46,211.5,1.08,122.9,0.76,0.72,0.2,0.07,0.14,426,395,116,38,11
90,iDex,Sammy Van de Weghe,Belgium,,brimstone,7,0.02,164,0.86,174.4,0.86,119.3,0.73,0.65,0.39,0.08,0.12,106,123,64,13,19
97,Kryptix,James Affleck,United Kingdom,,brimstone,11,0.04,203,1.15,237.2,1.39,144.1,0.79,0.84,0.26,0.07,0.02,170,122,53,14,4
98,ardiis,Ardis Svarenieks,Latvia,,brimstone,4,0.01,80,,263.3,1.45,,,0.93,0.26,0.24,,74,51,21,19,0
99,L1NK,Travis Mendoza,United Kingdom,,brimstone,38,0.09,770,1.01,194.5,1.05,121.1,0.76,0.69,0.28,0.08,0.06,534,510,219,62,50
100,ec1s,Adam Eccles,United Kingdom,,brimstone,15,0.04,314,1.09,205.6,1.07,139.2,0.77,0.71,0.37,0.08,0.06,224,210,116,24,15
2,brax,Braxton Pierce,United States,,chamber,7,0.03,148,1.18,224.0,1.3,150.0,0.77,0.85,0.11,0.11,0.02,126,97,17,17,3
9,TenZ,Tyson Ngo,Canada,,chamber,8,0.02,208,1.1,229.6,1.2,147.7,0.7,0.84,0.11,0.14,0.11,174,145,22,30,23
10,rhyme,Emir Muminovic,Norway,,chamber,10,0.03,197,1.23,241.7,1.4,151.2,0.73,0.85,0.13,0.19,0.1,168,120,25,37,19
15,m1lky,Kiara Blue Kukilakilaokalani Makua,United States,,chamber,1,0.01,23,0.56,145.0,0.53,105.0,0.7,0.43,0.22,0.09,0.09,10,19,5,2,2
17,theia,Melisa Mundorff,United States,,chamber,60,0.1,1245,1.13,228.8,1.2,147.0,0.68,0.82,0.16,0.16,0.11,1023,852,194,202,142
19,jammyz,Jamal Bangash,United States,,chamber,20,0.1,414,0.97,190.5,1.08,128.3,0.7,0.69,0.11,0.1,0.08,287,266,46,42,35
20,Khai,Andrew Nguyen,United States,,chamber,5,0.05,95,0.93,182.4,0.91,127.2,0.62,0.66,0.14,0.15,0.09,63,69,13,14,9
22,Joseph,Joseph Rivera,United States,,chamber,4,0.02,69,0.76,168.3,0.73,111.9,0.57,0.59,0.09,0.1,0.13,41,56,6,7,9
31,Trick,Justin Sears,United States,,chamber,2,0.0,41,0.84,212.5,0.83,135.0,0.63,0.71,0.22,0.2,0.15,29,35,9,8,6
34,Venerated,Zachary Roach,United States,,chamber,1,0.01,19,1.75,374.0,2.33,209.4,0.95,1.47,0.05,0.21,0.0,28,12,1,4,0
36,YaBoiDre,Diondre Bond,United States,,chamber,89,0.21,1831,1.17,232.0,1.3,148.0,0.73,0.85,0.13,0.14,0.1,1564,1203,229,256,190
42,KDS,,United States,,chamber,3,0.15,64,0.94,209.3,0.87,141.5,0.72,0.7,0.22,0.11,0.19,45,52,14,7,12
45,SicK,Hunter Mims,United States,,chamber,2,0.01,47,0.83,204.0,0.92,124.2,0.68,0.72,0.17,0.19,0.17,34,37,8,9,8
46,ShahZaM,Shahzeb Khan,United States,,chamber,3,0.01,53,0.77,170.7,0.7,113.4,0.53,0.58,0.09,0.13,0.19,31,44,5,7,10
53,Inspire,Hunter Schline,United States,,chamber,6,0.02,115,1.18,237.8,1.36,151.1,0.69,0.86,0.12,0.19,0.12,99,73,14,22,14
57,Hiko,Spencer Martin,United States,,chamber,1,0.0,21,1.2,202.0,1.42,136.0,0.62,0.81,0.14,0.1,0.05,17,12,3,2,1
62,HUYNH,Danny Huynh,Vietnam,,chamber,7,0.01,153,1.11,209.7,1.27,137.2,0.74,0.8,0.12,0.19,0.16,123,97,18,29,24
69,thief,Brady Dever,United States,,chamber,15,0.02,302,1.01,227.3,1.09,148.2,0.65,0.82,0.11,0.1,0.12,247,226,32,31,36
72,WARDELL,Matthew Yu,Canada,,chamber,75,0.2,1559,1.28,242.0,1.51,151.4,0.75,0.9,0.12,0.15,0.09,1396,923,186,232,141
73,reltuC,Stephen Cutler,United States,,chamber,73,0.25,1566,1.19,215.2,1.29,138.6,0.73,0.81,0.13,0.13,0.08,1275,992,210,209,118
74,hazed,James Cobb,United States,,chamber,1,0.0,21,1.42,256.0,1.91,158.5,0.76,1.0,0.05,0.14,0.0,21,11,1,3,0
80,witmer,Shawn Taylor,United States,,chamber,3,0.01,62,1.07,244.0,1.19,160.6,0.73,0.82,0.15,0.18,0.18,51,43,9,11,11
81,Taimou,Timo Kettunen,Finland,,chamber,3,0.02,67,0.87,203.3,0.82,140.5,0.67,0.69,0.19,0.12,0.15,46,56,13,8,10
90,iDex,Sammy Van de Weghe,Belgium,,chamber,18,0.05,390,0.74,177.2,0.79,120.6,0.66,0.63,0.14,0.12,0.16,246,311,55,45,64
93,Mixwell,Oscar Cañellas,Spain,,chamber,41,0.12,889,1.03,214.6,1.07,138.9,0.7,0.76,0.16,0.13,0.11,673,631,144,114,102
98,ardiis,Ardis Svarenieks,Latvia,,chamber,53,0.14,1129,1.13,239.6,1.23,152.8,0.72,0.86,0.15,0.17,0.1,968,788,171,192,114
99,L1NK,Travis Mendoza,United Kingdom,,chamber,2,0.0,58,1.12,215.5,1.14,157.0,0.67,0.84,0.14,0.16,0.1,49,43,8,9,6
11,Zyppan,Pontus Eek,Sweden,,clove,1,0.0,14,0.78,158.0,1.0,136.6,0.71,0.64,0.36,0.0,0.07,9,9,5,0,1
17,theia,Melisa Mundorff,United States,,clove,4,0.01,86,0.95,193.5,0.92,118.5,0.78,0.65,0.43,0.1,0.12,56,61,37,9,10
36,YaBoiDre,Diondre Bond,United States,,clove,1,0.0,21,0.89,205.0,0.72,143.0,0.62,0.62,0.52,0.05,0.0,13,18,11,1,0
58,Relyks,Skyler Weaver,United States,,clove,4,0.02,82,1.29,264.8,1.42,167.4,0.8,0.99,0.39,0.07,0.04,81,57,32,6,3
62,HUYNH,Danny Huynh,Vietnam,,clove,2,0.0,33,1.33,260.0,1.63,166.2,0.85,0.94,0.39,0.15,0.06,31,19,13,5,2
64,gMd,Anthony Guimond,Canada,,clove,2,0.0,43,0.97,239.5,0.85,152.7,0.81,0.79,0.44,0.21,0.07,34,40,19,9,3
2,brax,Braxton Pierce,United States,,cypher,82,0.34,1738,1.13,206.2,1.24,136.4,0.75,0.75,0.23,0.1,0.07,1301,1049,392,177,127
4,crashies,Austin Roberts,United States,,cypher,33,0.06,657,0.76,218.1,1.18,111.2,0.78,0.78,0.25,0.09,0.08,515,438,167,57,11
7,bonkar,Malkolm Rench,Sweden,,cypher,24,0.07,494,,153.1,0.84,101.4,,0.53,0.26,0.03,0.09,264,315,130,15,11
10,rhyme,Emir Muminovic,Norway,,cypher,36,0.09,776,0.93,188.1,0.98,121.1,0.66,0.67,0.18,0.09,0.09,518,529,142,67,34
12,sinatraa,Jay Won,United States,,cypher,1,0.01,17,1.48,239.0,1.6,146.6,0.82,0.94,0.18,0.12,0.0,16,10,3,2,0
14,rain,Amanda Smith,Canada,,cypher,11,0.04,187,,181.9,0.85,116.5,,0.63,0.22,0.07,0.14,117,137,42,13,27
17,theia,Melisa Mundorff,United States,,cypher,80,0.14,1557,1.01,196.1,1.02,128.8,0.69,0.7,0.23,0.11,0.1,1094,1074,365,174,153
19,jammyz,Jamal Bangash,United States,,cypher,4,0.02,85,0.89,170.5,0.91,111.8,0.58,0.61,0.14,0.07,0.13,52,57,12,6,11
21,Turnup,Joseph Sicre,United States,,cypher,14,0.09,286,,156.9,0.76,101.9,,0.56,0.2,0.03,0.06,159,208,57,9,9
22,Joseph,Joseph Rivera,United States,,cypher,107,0.47,2176,0.83,182.6,0.91,116.1,0.66,0.65,0.26,0.07,0.08,1415,1550,563,157,168
23,Anthony,Anthony Nguyen,United States,,cypher,2,1.0,31,,212.0,0.71,,,0.65,0.32,0.13,,20,28,10,4,0
31,Trick,Justin Sears,United States,,cypher,7,0.01,178,0.94,203.0,0.96,127.1,0.68,0.71,0.16,0.11,0.1,126,131,28,19,18
35,Valliate,Keane Alonso,United States,,cypher,25,0.74,535,,154.2,0.7,101.7,,0.53,0.22,0.11,0.12,286,409,119,59,9
37,Vegas,Jaden James,United States,,cypher,14,1.0,289,,156.7,0.69,100.0,,0.54,0.22,0.07,0.12,156,227,63,19,35
38,Pride,Alfred Choi,Canada,,cypher,4,0.13,96,,203.5,1.21,129.8,,0.77,0.11,0.13,0.06,74,61,11,12,6
48,dizzy,,United States,,cypher,1,0.05,17,1.18,162.0,1.5,111.5,0.82,0.71,0.24,0.06,0.0,12,8,4,1,0
53,Inspire,Hunter Schline,United States,,cypher,182,0.63,3671,1.01,188.2,1.07,122.2,0.72,0.67,0.21,0.09,0.09,2448,2298,777,330,293
55,Winsum,Ryan Johns,United States,,cypher,14,0.03,291,0.9,174.0,0.93,113.3,0.7,0.65,0.21,0.08,0.11,190,204,61,24,33
61,PLAYER1,Keven Champagne,Canada,,cypher,94,0.42,1922,0.86,199.5,1.1,123.3,0.68,0.7,0.28,0.09,0.08,1339,1221,545,165,154
62,HUYNH,Danny Huynh,Vietnam,,cypher,8,0.01,166,0.76,168.4,0.73,115.5,0.62,0.58,0.17,0.08,0.11,97,132,28,14,19
63,MkaeL,Michael De Luca,Canada,,cypher,81,0.33,1691,0.85,207.1,1.02,119.9,0.72,0.72,0.26,0.11,0.12,1221,1199,437,185,84
64,gMd,Anthony Guimond,Canada,,cypher,2,0.0,32,,179.5,1.0,115.9,,0.66,0.09,0.03,0.13,21,21,3,1,2
65,effys,Loic Sauvageau,Canada,,cypher,1,0.0,15,1.82,345.0,2.86,197.8,0.8,1.33,0.07,0.2,0.2,20,7,1,3,3
66,sonii,Michael Sherman,United States,,cypher,1,0.07,26,,103.0,0.43,,,0.35,0.31,0.08,,9,21,8,2,0
68,ROY,Roy Ahad,Canada,,cypher,17,0.03,356,0.99,195.7,0.98,125.2,0.71,0.66,0.24,0.09,0.08,236,242,85,32,29
69,thief,Brady Dever,United States,,cypher,80,0.11,1693,1.01,204.2,1.03,132.4,0.7,0.74,0.21,0.09,0.09,1245,1203,353,155,131
70,anger,Todd Williams,United States,,cypher,24,0.21,464,,188.0,1.06,124.4,,0.67,0.25,0.06,0.06,309,292,114,29,30
73,reltuC,Stephen Cutler,United States,,cypher,91,0.31,1835,,161.4,0.98,103.5,,0.58,0.25,0.06,0.04,1062,1079,451,100,31
74,hazed,James Cobb,United States,,cypher,33,0.08,685,1.04,189.6,1.08,122.0,0.74,0.66,0.24,0.09,0.09,455,420,165,64,60
76,Kurt,Kurtis Gallo,United States,,cypher,12,0.07,240,,159.3,0.77,106.5,,0.55,0.23,0.08,0.04,131,171,56,20,3
80,witmer,Shawn Taylor,United States,,cypher,4,0.02,88,0.78,163.3,0.79,112.3,0.64,0.55,0.17,0.05,0.08,48,61,15,4,7
81,Taimou,Timo Kettunen,Finland,,cypher,13,0.09,283,,212.2,1.16,142.6,,0.76,0.25,0.08,0.1,215,186,71,24,27
82,TviQ,Kevyn Lindström,Sweden,,cypher,4,0.07,79,1.06,212.8,1.32,125.7,0.72,0.84,0.15,0.15,0.13,66,50,12,12,10
90,iDex,Sammy Van de Weghe,Belgium,,cypher,69,0.18,1493,0.89,182.8,0.88,120.7,0.67,0.64,0.2,0.1,0.12,955,1091,297,147,98
93,Mixwell,Oscar Cañellas,Spain,,cypher,6,0.02,143,0.86,173.0,0.91,118.2,0.66,0.6,0.16,0.09,0.09,86,94,23,13,13
97,Kryptix,James Affleck,United Kingdom,,cypher,71,0.23,1466,0.91,180.2,1.06,110.0,0.73,0.65,0.21,0.05,0.04,959,906,310,65,33
98,ardiis,Ardis Svarenieks,Latvia,,cypher,3,0.01,59,0.65,209.7,0.89,107.1,0.55,0.71,0.24,0.1,0.1,42,47,14,6,2
99,L1NK,Travis Mendoza,United Kingdom,,cypher,22,0.05,483,0.95,169.2,1.01,112.4,0.72,0.6,0.15,0.05,0.06,292,288,72,26,29
11,Zyppan,Pontus Eek,Sweden,,deadlock,3,0.01,65,1.33,255.0,1.44,160.0,0.75,0.91,0.15,0.11,0.06,59,41,10,7,4
17,theia,Melisa Mundorff,United States,,deadlock,8,0.01,164,0.92,172.6,0.95,109.4,0.74,0.62,0.37,0.04,0.1,101,106,60,7,17
53,Inspire,Hunter Schline,United States,,deadlock,5,0.02,115,0.98,175.8,1.0,116.5,0.76,0.63,0.22,0.1,0.09,73,73,25,11,10
62,HUYNH,Danny Huynh,Vietnam,,deadlock,2,0.0,39,0.35,90.0,0.34,58.3,0.64,0.31,0.18,0.05,0.1,12,35,7,2,4
68,ROY,Roy Ahad,Canada,,deadlock,1,0.0,14,2.16,394.0,3.5,243.4,1.0,1.5,0.21,0.29,0.0,21,6,3,4,0
71,Drone,Taylor Johnson,United States,,deadlock,16,0.03,291,1.01,180.9,1.05,119.5,0.74,0.67,0.28,0.04,0.05,196,187,82,11,14
90,iDex,Sammy Van de Weghe,Belgium,,deadlock,2,0.01,36,0.91,167.5,0.85,118.5,0.64,0.61,0.22,0.06,0.19,22,26,8,2,7
2,brax,Braxton Pierce,United States,,fade,1,0.0,23,1.3,250.0,1.62,159.3,0.91,0.91,0.39,0.0,0.04,21,13,9,0,1
4,crashies,Austin Roberts,United States,,fade,67,0.12,1458,0.99,174.5,1.0,115.3,0.74,0.62,0.33,0.05,0.06,901,902,481,75,94
7,bonkar,Malkolm Rench,Sweden,,fade,23,0.07,484,0.88,165.9,0.85,104.7,0.72,0.57,0.39,0.06,0.07,278,328,190,29,36
10,rhyme,Emir Muminovic,Norway,,fade,1,0.0,24,0.61,118.0,0.53,79.8,0.54,0.42,0.21,0.08,0.08,10,19,5,2,2
11,Zyppan,Pontus Eek,Sweden,,fade,15,0.03,323,0.92,179.3,0.91,117.8,0.72,0.63,0.29,0.07,0.09,203,224,95,22,29
16,EMUHLEET,Emmalee Garrido,United States,,fade,1,0.0,19,0.69,190.0,0.67,124.9,0.74,0.53,0.47,0.0,0.05,10,15,9,0,1
19,jammyz,Jamal Bangash,United States,,fade,8,0.04,159,0.95,188.6,0.96,115.8,0.71,0.69,0.32,0.06,0.09,109,114,51,9,14
22,Joseph,Joseph Rivera,United States,,fade,6,0.03,124,0.85,174.7,0.77,113.8,0.67,0.59,0.32,0.02,0.1,73,95,40,3,13
25,Jack1,Jack Hughett,United States,,fade,1,0.02,24,0.85,147.0,0.56,103.8,0.67,0.42,0.42,0.04,0.04,10,18,10,1,1
31,Trick,Justin Sears,United States,,fade,13,0.02,294,0.79,168.8,0.75,105.6,0.7,0.57,0.42,0.09,0.11,168,225,123,26,33
34,Venerated,Zachary Roach,United States,,fade,2,0.03,42,0.72,160.5,0.74,97.1,0.67,0.55,0.29,0.02,0.12,23,31,12,1,5
36,YaBoiDre,Diondre Bond,United States,,fade,4,0.01,78,0.92,217.5,1.0,139.9,0.74,0.77,0.31,0.08,0.08,60,60,24,6,6
46,ShahZaM,Shahzeb Khan,United States,,fade,1,0.0,21,1.11,242.0,1.25,149.7,0.9,0.95,0.43,0.05,0.05,20,16,9,1,1
53,Inspire,Hunter Schline,United States,,fade,1,0.0,26,1.09,179.0,1.14,129.7,0.77,0.62,0.31,0.08,0.08,16,14,8,2,2
55,Winsum,Ryan Johns,United States,,fade,2,0.0,39,0.6,147.0,0.65,91.1,0.56,0.51,0.21,0.03,0.18,20,31,8,1,7
62,HUYNH,Danny Huynh,Vietnam,,fade,13,0.01,304,1.0,188.6,0.98,122.3,0.8,0.64,0.38,0.06,0.07,195,199,114,17,20
64,gMd,Anthony Guimond,Canada,,fade,7,0.01,152,1.06,193.7,1.02,132.3,0.78,0.68,0.44,0.02,0.08,103,101,67,3,12
65,effys,Loic Sauvageau,Canada,,fade,4,0.01,93,1.04,192.8,1.02,122.1,0.69,0.68,0.38,0.06,0.1,63,62,35,6,9
68,ROY,Roy Ahad,Canada,,fade,91,0.14,1817,1.02,183.8,1.03,118.8,0.75,0.65,0.36,0.06,0.07,1174,1142,659,112,135
71,Drone,Taylor Johnson,United States,,fade,76,0.12,1576,1.1,207.4,1.12,133.8,0.74,0.73,0.35,0.08,0.08,1158,1035,545,120,125
75,Subroza,Yassine Taoufik,Canada,,fade,3,0.01,68,0.75,179.0,0.69,123.4,0.72,0.56,0.49,0.1,0.15,38,55,33,7,10
80,witmer,Shawn Taylor,United States,,fade,1,0.0,23,0.72,165.0,0.78,105.3,0.78,0.61,0.17,0.13,0.04,14,18,4,3,1
90,iDex,Sammy Van de Weghe,Belgium,,fade,10,0.03,228,0.67,154.9,0.68,102.9,0.62,0.52,0.32,0.08,0.14,119,176,73,18,33
97,Kryptix,James Affleck,United Kingdom,,fade,48,0.16,1014,1.09,205.6,1.12,130.6,0.77,0.73,0.34,0.06,0.05,738,659,341,60,53
100,ec1s,Adam Eccles,United Kingdom,,fade,15,0.04,315,0.98,193.4,1.0,120.6,0.74,0.67,0.32,0.07,0.06,210,211,100,23,19
4,crashies,Austin Roberts,United States,,gekko,7,0.01,144,0.88,163.1,0.88,111.8,0.63,0.63,0.15,0.03,0.09,91,103,22,4,13
9,TenZ,Tyson Ngo,Canada,,gekko,7,0.02,156,0.97,179.0,0.92,115.9,0.71,0.63,0.35,0.12,0.08,99,108,55,19,13
11,Zyppan,Pontus Eek,Sweden,,gekko,3,0.01,59,1.08,224.3,1.0,155.9,0.64,0.78,0.2,0.08,0.1,46,46,12,5,6
31,Trick,Justin Sears,United States,,gekko,5,0.01,99,1.11,219.4,1.12,139.9,0.74,0.75,0.4,0.11,0.1,74,66,40,11,10
65,effys,Loic Sauvageau,Canada,,gekko,1,0.0,16,0.85,144.0,1.0,93.4,0.81,0.56,0.13,0.13,0.0,9,9,2,2,0
76,Kurt,Kurtis Gallo,United States,,gekko,4,0.02,91,1.11,191.0,1.05,127.7,0.78,0.69,0.3,0.04,0.04,63,60,27,4,4
80,witmer,Shawn Taylor,United States,,gekko,1,0.0,19,0.75,138.0,0.92,83.4,0.79,0.58,0.32,0.16,0.21,11,12,6,3,4
90,iDex,Sammy Van de Weghe,Belgium,,gekko,2,0.01,45,0.81,171.5,0.85,102.8,0.69,0.64,0.13,0.07,0.22,29,34,6,3,10
100,ec1s,Adam Eccles,United Kingdom,,gekko,3,0.01,59,0.87,185.0,0.82,118.0,0.73,0.63,0.22,0.1,0.07,37,45,13,6,4
9,TenZ,Tyson Ngo,Canada,,harbor,1,0.0,18,1.07,227.0,1.07,171.9,0.72,0.83,0.33,0.0,0.0,15,14,6,0,0
10,rhyme,Emir Muminovic,Norway,,harbor,3,0.01,62,0.64,134.7,0.59,85.2,0.68,0.47,0.35,0.05,0.05,29,49,22,3,3
14,rain,Amanda Smith,Canada,,harbor,2,0.01,51,1.0,181.0,1.0,123.1,0.8,0.61,0.39,0.04,0.04,31,31,20,2,2
17,theia,Melisa Mundorff,United States,,harbor,17,0.03,345,0.81,145.4,0.79,93.9,0.73,0.5,0.35,0.05,0.09,174,219,122,18,31
62,HUYNH,Danny Huynh,Vietnam,,harbor,8,0.01,157,0.89,170.5,0.87,115.1,0.71,0.57,0.33,0.09,0.07,90,104,52,14,11
64,gMd,Anthony Guimond,Canada,,harbor,7,0.01,152,0.87,162.9,0.85,110.3,0.75,0.58,0.38,0.02,0.08,88,104,58,3,12
69,thief,Brady Dever,United States,,harbor,2,0.0,41,0.5,124.0,0.47,91.6,0.61,0.39,0.2,0.05,0.05,16,34,8,2,2
71,Drone,Taylor Johnson,United States,,harbor,1,0.0,21,0.96,136.0,0.79,81.4,0.71,0.52,0.38,0.05,0.1,11,14,8,1,2
74,hazed,James Cobb,United States,,harbor,1,0.0,19,0.45,126.0,0.44,69.8,0.68,0.42,0.53,0.0,0.11,8,18,10,0,2
80,witmer,Shawn Taylor,United States,,harbor,1,0.0,22,0.64,107.0,0.63,64.6,0.5,0.45,0.09,0.09,0.0,10,16,2,2,0
90,iDex,Sammy Van de Weghe,Belgium,,harbor,2,0.01,42,0.53,150.5,0.61,101.1,0.62,0.52,0.14,0.1,0.17,22,36,6,4,7
93,Mixwell,Oscar Cañellas,Spain,,harbor,3,0.01,50,0.55,139.3,0.54,93.8,0.56,0.44,0.34,0.0,0.12,22,41,17,0,6
100,ec1s,Adam Eccles,United Kingdom,,harbor,1,0.0,21,1.42,251.0,1.73,167.7,0.9,0.9,0.29,0.05,0.05,19,11,6,1,1
9,TenZ,Tyson Ngo,Canada,,iso,1,0.0,24,1.21,281.0,1.16,178.5,0.67,0.92,0.21,0.13,0.21,22,19,5,3,5
11,Zyppan,Pontus Eek,Sweden,,iso,2,0.0,37,1.16,236.0,1.18,171.5,0.62,0.89,0.27,0.11,0.08,33,28,10,4,3
53,Inspire,Hunter Schline,United States,,iso,4,0.01,81,0.81,186.3,0.78,129.0,0.67,0.6,0.3,0.14,0.2,49,63,24,11,16
92,ScreaM,Adil Benrlitom,Belgium,,iso,2,0.01,42,0.91,204.0,0.97,131.6,0.62,0.74,0.14,0.19,0.1,31,32,6,8,4
2,brax,Braxton Pierce,United States,,jett,13,0.05,243,0.98,246.1,1.44,156.8,0.64,0.88,0.14,0.16,0.1,214,149,33,38,25
3,AZK,Keven Larivière,Canada,,jett,5,0.06,112,,175.0,0.91,116.9,,0.65,0.12,0.13,0.13,73,80,13,14,15
9,TenZ,Tyson Ngo,Canada,,jett,206,0.46,4306,1.17,263.8,1.32,156.4,0.72,0.92,0.2,0.21,0.15,3972,3009,866,893,539
10,rhyme,Emir Muminovic,Norway,,jett,20,0.05,414,1.17,247.4,1.27,156.4,0.69,0.87,0.15,0.21,0.17,362,286,61,88,70
11,Zyppan,Pontus Eek,Sweden,,jett,7,0.01,145,1.01,218.3,1.12,141.3,0.66,0.75,0.17,0.14,0.21,109,97,24,20,30
12,sinatraa,Jay Won,United States,,jett,1,0.01,20,,128.0,0.53,87.9,,0.45,0.3,0.05,0.15,9,17,6,1,3
15,m1lky,Kiara Blue Kukilakilaokalani Makua,United States,,jett,33,0.27,601,0.67,179.8,0.74,112.1,0.6,0.61,0.17,0.14,0.23,365,493,105,86,138
19,jammyz,Jamal Bangash,United States,,jett,69,0.34,1448,1.07,225.1,1.18,137.5,0.72,0.8,0.16,0.16,0.11,1154,981,232,231,165
20,Khai,Andrew Nguyen,United States,,jett,12,0.12,232,0.98,237.2,1.14,144.9,0.67,0.82,0.19,0.18,0.14,190,167,43,42,32
31,Trick,Justin Sears,United States,,jett,12,0.02,243,1.12,241.4,1.23,148.3,0.7,0.87,0.17,0.27,0.19,212,172,41,66,46
34,Venerated,Zachary Roach,United States,,jett,12,0.16,237,1.14,230.7,1.31,133.5,0.76,0.81,0.16,0.12,0.07,193,147,37,29,17
36,YaBoiDre,Diondre Bond,United States,,jett,35,0.08,725,0.94,212.2,1.01,134.1,0.7,0.76,0.15,0.17,0.17,550,543,111,120,121
42,KDS,,United States,,jett,5,0.25,112,0.76,154.6,0.74,102.5,0.61,0.57,0.1,0.13,0.15,64,86,11,14,17
46,ShahZaM,Shahzeb Khan,United States,,jett,162,0.39,3409,1.13,233.2,1.21,141.2,0.72,0.83,0.15,0.15,0.12,2842,2350,522,515,378
50,Skadoodle,Tyler Latham,United States,,jett,29,0.19,635,,231.4,1.23,138.7,,0.81,0.18,0.17,0.14,516,420,114,106,90
54,cp2,Chuck Proud,United States,,jett,51,0.2,1043,,225.9,1.12,132.0,,0.79,0.12,0.19,0.13,827,736,120,203,108
58,Relyks,Skyler Weaver,United States,,jett,8,0.03,160,1.09,217.3,1.28,135.1,0.7,0.83,0.11,0.17,0.17,133,104,18,27,27
61,PLAYER1,Keven Champagne,Canada,,jett,3,0.01,60,,254.0,1.63,187.8,,0.87,0.22,0.18,0.07,52,32,13,11,4
62,HUYNH,Danny Huynh,Vietnam,,jett,177,0.17,3640,0.94,218.2,1.16,130.6,0.71,0.78,0.15,0.18,0.15,2835,2454,532,647,474
64,gMd,Anthony Guimond,Canada,,jett,2,0.0,44,1.14,204.5,0.97,136.5,0.71,0.68,0.18,0.18,0.25,30,31,8,8,11
68,ROY,Roy Ahad,Canada,,jett,1,0.0,13,1.74,282.0,5.0,175.2,0.85,1.15,0.08,0.15,0.15,15,3,1,2,2
69,thief,Brady Dever,United States,,jett,17,0.02,356,0.78,215.6,0.94,135.3,0.72,0.76,0.19,0.16,0.18,272,289,67,57,63
72,WARDELL,Matthew Yu,Canada,,jett,242,0.65,4833,1.26,256.6,1.5,152.8,0.76,0.93,0.14,0.19,0.09,4492,3003,675,900,365
73,reltuC,Stephen Cutler,United States,,jett,1,0.0,18,1.39,244.0,2.13,158.0,0.83,0.94,0.11,0.11,0.11,17,8,2,2,2
74,hazed,James Cobb,United States,,jett,3,0.01,63,1.37,277.7,1.63,166.6,0.81,0.98,0.17,0.24,0.11,62,38,11,15,7
76,Kurt,Kurtis Gallo,United States,,jett,58,0.32,1205,1.11,223.6,1.05,132.4,0.71,0.78,0.16,0.17,0.16,941,900,193,210,187
79,rara,Noah Giesbrecht,United States,,jett,4,0.07,87,,292.0,1.65,155.7,,0.99,0.11,0.22,0.15,86,52,10,19,13
80,witmer,Shawn Taylor,United States,,jett,108,0.52,2241,0.81,202.6,0.88,124.7,0.65,0.7,0.16,0.17,0.17,1562,1785,360,387,375
81,Taimou,Timo Kettunen,Finland,,jett,17,0.12,329,1.06,256.5,1.09,155.1,0.72,0.86,0.26,0.22,0.22,283,259,86,73,67
82,TviQ,Kevyn Lindström,Sweden,,jett,17,0.29,349,1.01,217.7,1.14,128.1,0.69,0.77,0.13,0.17,0.15,270,236,47,58,52
87,Ex6TenZ,Kévin Droolans,Belgium,,jett,1,0.01,15,1.23,190.0,1.67,125.3,0.93,0.67,0.47,0.13,0.13,10,6,7,2,2
89,Deken,Bastien Bossu,France,,jett,2,0.06,43,,196.5,0.91,121.6,,0.72,0.12,0.14,0.05,31,34,5,6,2
92,ScreaM,Adil Benrlitom,Belgium,,jett,100,0.29,2080,1.12,260.8,1.28,164.6,0.7,0.91,0.17,0.21,0.14,1890,1472,360,438,293
93,Mixwell,Oscar Cañellas,Spain,,jett,151,0.45,3068,1.03,247.1,1.27,145.6,0.71,0.87,0.18,0.18,0.13,2668,2104,543,554,287
98,ardiis,Ardis Svarenieks,Latvia,,jett,88,0.23,1852,1.07,234.8,1.15,152.0,0.71,0.82,0.19,0.22,0.17,1516,1313,352,395,306
99,L1NK,Travis Mendoza,United Kingdom,,jett,21,0.05,435,1.27,255.0,1.45,171.5,0.7,0.94,0.13,0.16,0.09,407,281,57,71,40
2,brax,Braxton Pierce,United States,,kayo,1,0.0,23,1.3,239.0,1.33,153.8,0.87,0.7,0.78,0.0,0.09,16,12,18,0,2
4,crashies,Austin Roberts,United States,,kayo,24,0.04,518,1.08,198.4,1.05,129.0,0.74,0.67,0.44,0.08,0.06,349,333,229,43,30
9,TenZ,Tyson Ngo,Canada,,kayo,27,0.06,575,1.08,218.3,0.98,139.6,0.75,0.73,0.63,0.09,0.09,421,429,361,49,51
10,rhyme,Emir Muminovic,Norway,,kayo,22,0.06,450,1.02,198.5,0.93,129.0,0.76,0.67,0.53,0.11,0.1,301,322,237,50,44
11,Zyppan,Pontus Eek,Sweden,,kayo,93,0.18,1976,1.06,204.9,1.01,134.1,0.75,0.72,0.46,0.09,0.09,1419,1402,907,183,184
12,sinatraa,Jay Won,United States,,kayo,1,0.01,17,1.25,190.0,1.33,131.0,0.88,0.71,0.53,0.06,0.0,12,9,9,1,0
16,EMUHLEET,Emmalee Garrido,United States,,kayo,152,0.51,3061,0.93,168.7,0.86,112.7,0.72,0.58,0.44,0.05,0.07,1767,2066,1357,147,218
19,jammyz,Jamal Bangash,United States,,kayo,10,0.05,201,0.95,180.7,0.9,114.4,0.69,0.61,0.43,0.09,0.09,122,136,87,18,19
22,Joseph,Joseph Rivera,United States,,kayo,3,0.01,59,0.89,155.7,0.88,100.8,0.69,0.59,0.34,0.08,0.05,35,40,20,5,3
25,Jack1,Jack Hughett,United States,,kayo,1,0.02,23,0.63,126.0,0.47,88.0,0.57,0.39,0.43,0.04,0.13,9,19,10,1,3
31,Trick,Justin Sears,United States,,kayo,51,0.09,1080,0.94,200.3,0.88,129.9,0.75,0.66,0.51,0.1,0.13,713,807,555,106,133
36,YaBoiDre,Diondre Bond,United States,,kayo,5,0.01,99,1.12,230.6,1.17,149.8,0.76,0.82,0.38,0.09,0.11,81,69,38,9,11
45,SicK,Hunter Mims,United States,,kayo,6,0.02,131,1.05,195.7,0.91,142.4,0.74,0.66,0.53,0.08,0.08,86,94,69,11,10
48,dizzy,,United States,,kayo,5,0.26,104,0.85,176.6,0.81,112.4,0.73,0.58,0.48,0.09,0.12,60,74,50,9,12
52,JoshRT,Josh Lee,United States,,kayo,4,0.03,86,0.77,154.3,0.75,107.9,0.7,0.55,0.47,0.06,0.07,47,63,40,5,6
55,Winsum,Ryan Johns,United States,,kayo,14,0.03,284,1.0,225.0,1.0,138.1,0.71,0.78,0.47,0.06,0.13,222,223,134,18,36
56,shroud,Michael Grzesiek,Canada,,kayo,1,0.09,19,1.15,189.0,1.1,120.9,0.95,0.58,0.63,0.21,0.0,11,10,12,4,0
62,HUYNH,Danny Huynh,Vietnam,,kayo,8,0.01,183,0.94,204.4,0.85,131.6,0.71,0.66,0.55,0.08,0.08,121,142,101,15,14
64,gMd,Anthony Guimond,Canada,,kayo,27,0.03,554,1.04,206.3,0.96,130.7,0.76,0.69,0.63,0.07,0.08,384,402,349,41,44
65,effys,Loic Sauvageau,Canada,,kayo,3,0.01,60,1.06,179.0,1.06,113.9,0.87,0.58,0.62,0.02,0.07,35,33,37,1,4
68,ROY,Roy Ahad,Canada,,kayo,21,0.03,444,0.98,188.3,0.93,122.9,0.71,0.65,0.45,0.06,0.07,290,312,201,25,31
69,thief,Brady Dever,United States,,kayo,6,0.01,114,1.0,202.7,1.05,132.0,0.8,0.73,0.54,0.07,0.11,83,79,62,8,13
71,Drone,Taylor Johnson,United States,,kayo,90,0.15,1792,1.05,204.8,1.05,131.4,0.75,0.7,0.42,0.09,0.09,1260,1203,753,160,153
80,witmer,Shawn Taylor,United States,,kayo,5,0.02,109,0.86,180.8,0.7,121.0,0.68,0.57,0.48,0.09,0.09,62,88,52,10,10
90,iDex,Sammy Van de Weghe,Belgium,,kayo,2,0.01,40,0.85,168.5,0.87,108.0,0.63,0.65,0.25,0.05,0.1,26,30,10,2,4
92,ScreaM,Adil Benrlitom,Belgium,,kayo,18,0.05,405,1.08,211.1,1.04,138.7,0.73,0.73,0.4,0.08,0.08,296,285,164,33,32
93,Mixwell,Oscar Cañellas,Spain,,kayo,5,0.01,104,0.88,187.2,0.77,119.8,0.66,0.61,0.52,0.1,0.1,63,82,54,10,10
98,ardiis,Ardis Svarenieks,Latvia,,kayo,26,0.07,518,1.06,203.3,1.0,131.4,0.75,0.69,0.5,0.1,0.07,359,358,260,54,34
99,L1NK,Travis Mendoza,United Kingdom,,kayo,6,0.01,132,1.05,194.8,1.02,127.3,0.7,0.67,0.41,0.08,0.08,89,87,54,11,11
100,ec1s,Adam Eccles,United Kingdom,,kayo,4,0.01,101,1.13,216.8,1.07,142.8,0.77,0.74,0.65,0.04,0.1,75,70,66,4,10
2,brax,Braxton Pierce,United States,,killjoy,44,0.18,874,1.11,199.6,1.26,135.2,0.76,0.72,0.14,0.07,0.06,629,499,122,59,56
4,crashies,Austin Roberts,United States,,killjoy,5,0.01,120,1.08,222.4,1.12,150.3,0.76,0.79,0.14,0.08,0.08,95,85,17,9,9
10,rhyme,Emir Muminovic,Norway,,killjoy,15,0.04,309,0.95,185.9,0.96,130.3,0.69,0.64,0.17,0.09,0.12,198,207,52,28,38
11,Zyppan,Pontus Eek,Sweden,,killjoy,1,0.0,23,0.81,166.0,0.88,123.4,0.57,0.61,0.09,0.0,0.09,14,16,2,0,2
17,theia,Melisa Mundorff,United States,,killjoy,64,0.11,1230,1.11,212.8,1.11,137.8,0.75,0.73,0.19,0.1,0.08,897,808,229,125,101
19,jammyz,Jamal Bangash,United States,,killjoy,6,0.03,126,1.04,196.8,1.05,141.7,0.76,0.7,0.18,0.09,0.07,88,84,23,11,9
20,Khai,Andrew Nguyen,United States,,killjoy,3,0.03,59,1.17,234.0,1.46,141.2,0.71,0.86,0.15,0.1,0.14,51,35,9,6,8
21,Turnup,Joseph Sicre,United States,,killjoy,24,0.16,490,0.79,165.1,0.91,111.2,0.68,0.58,0.17,0.06,0.06,284,312,82,27,27
22,Joseph,Joseph Rivera,United States,,killjoy,20,0.09,416,0.91,183.0,0.9,123.4,0.71,0.63,0.19,0.09,0.11,264,293,77,36,46
48,dizzy,,United States,,killjoy,3,0.16,61,0.77,158.7,0.69,108.4,0.74,0.51,0.26,0.08,0.08,31,45,16,5,5
52,JoshRT,Josh Lee,United States,,killjoy,3,0.02,73,0.62,127.0,0.58,91.7,0.62,0.45,0.18,0.04,0.12,33,57,13,3,9
53,Inspire,Hunter Schline,United States,,killjoy,50,0.17,1057,1.04,203.8,1.1,136.6,0.73,0.7,0.2,0.09,0.09,737,670,216,91,93
55,Winsum,Ryan Johns,United States,,killjoy,10,0.02,201,1.01,189.1,1.02,131.1,0.74,0.67,0.17,0.08,0.07,134,132,34,16,15
57,Hiko,Spencer Martin,United States,,killjoy,6,0.03,110,1.28,205.5,1.6,140.1,0.82,0.75,0.19,0.04,0.04,83,52,21,4,4
58,Relyks,Skyler Weaver,United States,,killjoy,1,0.0,18,1.15,197.0,1.56,126.4,0.83,0.78,0.06,0.17,0.0,14,9,1,3,0
61,PLAYER1,Keven Champagne,Canada,,killjoy,37,0.17,754,0.92,214.5,1.2,136.8,0.67,0.74,0.22,0.1,0.09,557,463,167,75,67
62,HUYNH,Danny Huynh,Vietnam,,killjoy,10,0.01,213,1.0,200.2,0.96,141.5,0.69,0.67,0.17,0.09,0.08,142,148,36,19,18
63,MkaeL,Michael De Luca,Canada,,killjoy,4,0.02,87,0.77,165.3,0.79,102.3,0.72,0.55,0.18,0.08,0.08,48,61,16,7,7
64,gMd,Anthony Guimond,Canada,,killjoy,2,0.0,34,0.72,141.0,0.65,103.1,0.71,0.5,0.26,0.03,0.18,17,26,9,1,6
65,effys,Loic Sauvageau,Canada,,killjoy,1,0.0,21,0.75,157.0,0.67,105.0,0.57,0.48,0.19,0.05,0.1,10,15,4,1,2
68,ROY,Roy Ahad,Canada,,killjoy,1,0.0,22,0.84,154.0,0.73,108.3,0.64,0.5,0.14,0.05,0.14,11,15,3,1,3
69,thief,Brady Dever,United States,,killjoy,16,0.02,354,0.98,200.2,1.09,133.4,0.71,0.74,0.11,0.1,0.08,262,240,40,34,27
70,anger,Todd Williams,United States,,killjoy,6,0.05,131,,197.8,1.04,120.1,,0.66,0.24,0.05,0.09,87,84,32,7,12
73,reltuC,Stephen Cutler,United States,,killjoy,5,0.02,105,,201.0,1.08,140.3,,0.67,0.25,0.09,0.04,70,65,26,9,4
74,hazed,James Cobb,United States,,killjoy,55,0.14,1055,1.02,200.6,1.18,131.7,0.71,0.7,0.18,0.08,0.1,738,623,195,83,101
89,Deken,Bastien Bossu,France,,killjoy,1,0.03,20,,246.0,1.8,149.9,,0.9,0.25,0.1,0.05,18,10,5,2,1
90,iDex,Sammy Van de Weghe,Belgium,,killjoy,168,0.44,3418,0.96,211.8,1.03,139.9,0.71,0.73,0.18,0.11,0.11,2493,2415,618,370,385
93,Mixwell,Oscar Cañellas,Spain,,killjoy,19,0.06,435,0.99,199.6,1.01,134.0,0.69,0.7,0.21,0.06,0.1,303,300,90,26,43
97,Kryptix,James Affleck,United Kingdom,,killjoy,86,0.28,1713,1.06,210.2,1.23,139.0,0.76,0.74,0.2,0.07,0.05,1264,1031,348,116,80
98,ardiis,Ardis Svarenieks,Latvia,,killjoy,13,0.03,303,1.06,211.6,1.15,144.5,0.74,0.75,0.15,0.12,0.06,227,197,44,35,19
99,L1NK,Travis Mendoza,United Kingdom,,killjoy,3,0.01,57,1.01,186.0,0.97,126.8,0.67,0.65,0.16,0.09,0.02,37,38,9,5,1
9,TenZ,Tyson Ngo,Canada,,neon,3,0.01,68,0.87,208.0,0.84,131.6,0.71,0.68,0.28,0.15,0.15,46,55,19,10,10
10,rhyme,Emir Muminovic,Norway,,neon,4,0.01,67,0.66,173.5,0.67,105.6,0.55,0.55,0.18,0.12,0.19,37,55,12,8,13
11,Zyppan,Pontus Eek,Sweden,,neon,5,0.01,100,0.89,220.6,0.9,147.6,0.64,0.73,0.22,0.15,0.19,73,81,22,15,19
36,YaBoiDre,Diondre Bond,United States,,neon,13,0.03,264,0.86,211.2,0.93,133.0,0.67,0.71,0.2,0.13,0.18,187,201,53,33,48
55,Winsum,Ryan Johns,United States,,neon,7,0.02,163,0.94,208.1,1.0,135.4,0.67,0.74,0.23,0.11,0.15,121,121,37,18,24
80,witmer,Shawn Taylor,United States,,neon,2,0.01,37,0.28,113.5,0.38,72.1,0.49,0.35,0.08,0.14,0.27,13,34,3,5,10
93,Mixwell,Oscar Cañellas,Spain,,neon,5,0.01,103,0.79,198.4,0.83,129.8,0.69,0.67,0.17,0.15,0.18,69,83,18,15,19
99,L1NK,Travis Mendoza,United Kingdom,,neon,2,0.0,47,1.07,251.0,1.23,156.4,0.77,0.91,0.15,0.11,0.11,43,35,7,5,5
2,brax,Braxton Pierce,United States,,omen,12,0.05,232,,230.4,1.37,,,0.84,0.21,0.12,,195,142,48,28,0
3,AZK,Keven Larivière,Canada,,omen,10,0.11,210,,183.9,0.93,119.8,,0.66,0.29,0.07,0.07,138,148,61,14,13
4,crashies,Austin Roberts,United States,,omen,6,0.01,128,,170.3,0.79,111.3,,0.59,0.19,0.09,0.13,76,96,24,11,16
7,bonkar,Malkolm Rench,Sweden,,omen,7,0.02,140,0.77,130.6,0.66,88.8,0.71,0.45,0.44,0.06,0.11,63,95,61,9,15
8,DiGeDoG,Dylan Chainski,Australia,,omen,10,1.0,207,,178.0,0.9,118.0,,0.63,0.2,0.07,0.08,131,145,41,14,16
9,TenZ,Tyson Ngo,Canada,,omen,68,0.15,1440,1.12,214.4,1.14,139.1,0.76,0.76,0.44,0.1,0.09,1101,966,632,146,126
10,rhyme,Emir Muminovic,Norway,,omen,26,0.07,604,0.95,197.2,0.95,122.3,0.71,0.67,0.37,0.08,0.11,407,430,223,51,41
11,Zyppan,Pontus Eek,Sweden,,omen,5,0.01,98,0.87,160.8,0.79,110.9,0.66,0.57,0.31,0.07,0.06,56,71,30,7,6
14,rain,Amanda Smith,Canada,,omen,159,0.55,3097,1.03,196.6,1.0,125.5,0.74,0.69,0.37,0.08,0.08,2147,2139,1137,246,248
15,m1lky,Kiara Blue Kukilakilaokalani Makua,United States,,omen,16,0.13,283,0.93,185.5,0.83,114.7,0.76,0.65,0.26,0.1,0.11,184,222,74,27,29
17,theia,Melisa Mundorff,United States,,omen,179,0.31,3549,0.92,165.0,0.88,105.5,0.75,0.57,0.45,0.07,0.09,2021,2304,1612,245,307
20,Khai,Andrew Nguyen,United States,,omen,2,0.02,31,0.98,164.5,1.06,105.4,0.84,0.58,0.39,0.1,0.03,18,17,12,3,1
22,Joseph,Joseph Rivera,United States,,omen,31,0.14,620,,176.1,0.88,114.5,,0.62,0.23,0.05,0.08,384,436,140,32,41
31,Trick,Justin Sears,United States,,omen,8,0.01,168,1.03,201.3,1.01,125.0,0.75,0.73,0.22,0.17,0.11,122,121,37,29,19
34,Venerated,Zachary Roach,United States,,omen,7,0.09,139,,189.7,0.85,136.5,,0.65,0.33,0.08,0.12,90,106,46,11,7
35,Valliate,Keane Alonso,United States,,omen,4,0.12,96,,203.0,0.94,131.0,,0.7,0.25,0.11,0.11,67,71,24,11,11
36,YaBoiDre,Diondre Bond,United States,,omen,45,0.11,940,1.06,228.8,1.15,141.5,0.76,0.82,0.24,0.07,0.07,772,669,227,67,68
38,Pride,Alfred Choi,Canada,,omen,1,0.03,21,,217.0,0.78,153.9,,0.67,0.29,0.14,0.1,14,18,6,3,2
45,SicK,Hunter Mims,United States,,omen,26,0.08,538,1.08,218.1,1.12,140.9,0.75,0.78,0.34,0.09,0.1,417,371,183,50,55
46,ShahZaM,Shahzeb Khan,United States,,omen,2,0.0,45,1.11,208.5,1.13,124.3,0.69,0.78,0.47,0.07,0.07,35,31,21,3,3
47,zombs,Jared Gitlin,United States,,omen,170,0.52,3525,0.93,174.3,0.93,110.3,0.76,0.61,0.28,0.07,0.08,2159,2326,971,243,242
50,Skadoodle,Tyler Latham,United States,,omen,6,0.04,106,1.26,210.3,1.45,125.5,0.82,0.79,0.48,0.1,0.05,84,58,51,11,5
52,JoshRT,Josh Lee,United States,,omen,43,0.27,891,1.21,212.8,1.02,129.6,0.81,0.75,0.29,0.1,0.09,666,654,260,89,80
53,Inspire,Hunter Schline,United States,,omen,1,0.0,24,0.86,164.0,0.78,99.3,0.71,0.58,0.33,0.04,0.04,14,18,8,1,1
54,cp2,Chuck Proud,United States,,omen,29,0.12,614,1.05,193.4,1.11,119.0,0.73,0.7,0.25,0.08,0.08,430,389,151,50,49
55,Winsum,Ryan Johns,United States,,omen,8,0.02,146,1.42,233.3,1.11,137.0,0.78,0.83,0.18,0.07,0.1,121,109,27,10,15
56,shroud,Michael Grzesiek,Canada,,omen,2,0.18,42,0.73,137.0,0.53,82.7,0.64,0.4,0.4,0.07,0.12,17,32,17,3,5
57,Hiko,Spencer Martin,United States,,omen,17,0.08,339,,206.1,1.13,130.2,,0.74,0.24,0.08,0.07,251,222,80,28,9
58,Relyks,Skyler Weaver,United States,,omen,87,0.38,1807,0.95,193.3,1.0,118.4,0.72,0.7,0.25,0.08,0.09,1256,1257,454,138,119
61,PLAYER1,Keven Champagne,Canada,,omen,27,0.12,547,,186.5,0.9,120.0,,0.64,0.29,0.06,0.06,348,386,156,31,17
62,HUYNH,Danny Huynh,Vietnam,,omen,223,0.22,4500,0.99,190.6,0.99,120.2,0.75,0.67,0.41,0.09,0.09,3015,3048,1826,418,416
63,MkaeL,Michael De Luca,Canada,,omen,16,0.06,335,,169.4,0.88,104.2,,0.6,0.21,0.06,0.11,201,229,72,20,32
64,gMd,Anthony Guimond,Canada,,omen,396,0.45,8266,1.09,208.3,1.11,134.0,0.74,0.74,0.37,0.08,0.08,6143,5542,3037,692,691
65,effys,Loic Sauvageau,Canada,,omen,39,0.1,804,1.34,184.2,1.04,115.8,0.89,0.65,0.24,0.05,0.04,523,503,196,40,34
68,ROY,Roy Ahad,Canada,,omen,7,0.01,140,0.73,176.1,0.85,116.9,0.7,0.61,0.31,0.09,0.1,86,101,43,13,14
69,thief,Brady Dever,United States,,omen,108,0.15,2290,1.08,203.6,1.09,128.2,0.78,0.73,0.42,0.07,0.07,1676,1540,958,166,155
70,anger,Todd Williams,United States,,omen,57,0.51,1173,,180.6,0.98,115.7,,0.63,0.27,0.06,0.06,744,761,313,68,73
71,Drone,Taylor Johnson,United States,,omen,1,0.0,22,0.71,155.0,0.58,103.3,0.73,0.5,0.5,0.05,0.18,11,19,11,1,4
73,reltuC,Stephen Cutler,United States,,omen,13,0.04,256,0.88,165.8,0.99,98.6,0.72,0.55,0.27,0.07,0.05,142,143,68,17,5
74,hazed,James Cobb,United States,,omen,69,0.17,1409,1.02,191.9,1.04,122.6,0.75,0.68,0.27,0.09,0.09,962,928,376,120,110
75,Subroza,Yassine Taoufik,Canada,,omen,95,0.25,1890,1.04,232.2,1.15,145.0,0.75,0.8,0.28,0.13,0.11,1510,1315,525,237,190
78,kaboose,Jake McDonald,United States,,omen,31,0.16,630,0.84,210.4,1.02,128.4,0.62,0.72,0.23,0.1,0.11,454,444,147,63,70
80,witmer,Shawn Taylor,United States,,omen,3,0.01,54,0.48,124.0,0.46,82.0,0.52,0.41,0.17,0.04,0.07,22,48,9,2,4
81,Taimou,Timo Kettunen,Finland,,omen,5,0.03,101,,184.8,0.81,,,0.62,0.33,0.12,,63,78,33,12,0
82,TviQ,Kevyn Lindström,Sweden,,omen,1,0.02,15,,150.0,0.67,96.5,,0.53,0.27,0.0,0.0,8,12,4,0,0
87,Ex6TenZ,Kévin Droolans,Belgium,,omen,33,0.27,659,,205.8,1.18,132.9,,0.74,0.22,0.1,0.09,489,414,144,64,58
88,Maniac,Mathieu Quiquerez,Switzerland,,omen,3,0.21,49,,168.3,0.97,,,0.63,0.29,0.1,,31,32,14,5,0
90,iDex,Sammy Van de Weghe,Belgium,,omen,23,0.06,481,0.82,176.2,0.79,117.7,0.63,0.61,0.27,0.09,0.13,292,370,129,43,61
99,L1NK,Travis Mendoza,United Kingdom,,omen,102,0.24,2062,1.03,193.7,1.16,120.2,0.75,0.71,0.3,0.07,0.06,1461,1263,626,146,123
100,ec1s,Adam Eccles,United Kingdom,,omen,99,0.29,2049,1.11,193.8,1.02,126.2,0.77,0.67,0.36,0.1,0.08,1378,1357,729,196,137
2,brax,Braxton Pierce,United States,,phoenix,5,0.02,90,,227.2,1.24,,,0.86,0.24,0.1,,77,62,22,9,0
3,AZK,Keven Larivière,Canada,,phoenix,2,0.02,47,,182.5,0.77,119.2,,0.57,0.26,0.11,0.15,27,35,12,5,7
4,crashies,Austin Roberts,United States,,phoenix,5,0.01,115,,206.2,0.95,141.5,,0.7,0.17,0.11,0.17,81,85,19,13,20
9,TenZ,Tyson Ngo,Canada,,phoenix,1,0.0,24,,255.0,1.71,149.8,,1.0,0.08,0.13,0.13,24,14,2,3,3
11,Zyppan,Pontus Eek,Sweden,,phoenix,8,0.02,165,1.03,233.3,1.1,159.0,0.73,0.75,0.32,0.18,0.07,124,113,53,29,12
12,sinatraa,Jay Won,United States,,phoenix,28,0.14,603,1.57,244.1,1.08,153.0,0.84,0.82,0.41,0.18,0.14,492,454,247,110,41
15,m1lky,Kiara Blue Kukilakilaokalani Makua,United States,,phoenix,4,0.03,72,0.71,199.3,0.92,118.2,0.61,0.68,0.21,0.15,0.19,49,53,15,11,14
16,EMUHLEET,Emmalee Garrido,United States,,phoenix,33,0.11,639,1.11,236.3,1.21,140.4,0.75,0.84,0.25,0.15,0.12,538,443,161,97,78
19,jammyz,Jamal Bangash,United States,,phoenix,7,0.03,136,,206.7,0.96,124.0,,0.71,0.19,0.12,0.14,96,100,26,16,17
20,Khai,Andrew Nguyen,United States,,phoenix,18,0.19,372,1.27,235.9,1.22,146.1,0.67,0.81,0.28,0.16,0.12,303,248,103,58,43
25,Jack1,Jack Hughett,United States,,phoenix,3,0.06,66,,179.0,0.67,,,0.59,0.2,0.11,,39,58,13,7,0
36,YaBoiDre,Diondre Bond,United States,,phoenix,18,0.04,343,1.08,209.1,1.02,132.5,0.72,0.73,0.22,0.12,0.13,251,245,74,41,45
45,SicK,Hunter Mims,United States,,phoenix,86,0.25,1818,1.17,247.3,1.26,154.5,0.76,0.85,0.29,0.16,0.11,1541,1227,527,294,198
54,cp2,Chuck Proud,United States,,phoenix,2,0.01,45,,186.0,0.82,115.5,,0.6,0.24,0.13,0.16,27,33,11,6,7
55,Winsum,Ryan Johns,United States,,phoenix,25,0.06,515,1.09,233.1,1.04,133.0,0.75,0.8,0.21,0.15,0.12,411,395,110,77,31
58,Relyks,Skyler Weaver,United States,,phoenix,22,0.1,468,1.11,211.8,1.0,133.0,0.61,0.72,0.24,0.09,0.14,336,336,111,40,54
61,PLAYER1,Keven Champagne,Canada,,phoenix,1,0.0,20,1.09,212.0,1.42,128.1,0.8,0.85,0.2,0.05,0.15,17,12,4,1,3
63,MkaeL,Michael De Luca,Canada,,phoenix,4,0.02,78,,238.8,1.14,142.0,,0.74,0.37,0.15,0.12,58,51,29,12,9
64,gMd,Anthony Guimond,Canada,,phoenix,29,0.03,584,,224.1,1.09,135.3,,0.78,0.25,0.16,0.22,458,421,145,91,21
65,effys,Loic Sauvageau,Canada,,phoenix,1,0.0,21,,186.0,1.08,,,0.67,0.24,0.29,,14,13,5,6,0
69,thief,Brady Dever,United States,,phoenix,27,0.04,586,0.6,220.6,0.99,139.1,0.6,0.75,0.24,0.14,0.15,438,444,139,80,66
71,Drone,Taylor Johnson,United States,,phoenix,117,0.19,2323,0.94,245.3,1.32,147.7,0.71,0.86,0.21,0.13,0.1,1998,1515,497,307,134
75,Subroza,Yassine Taoufik,Canada,,phoenix,52,0.14,1044,1.06,232.7,1.08,143.8,0.69,0.79,0.28,0.17,0.17,820,756,289,175,140
76,Kurt,Kurtis Gallo,United States,,phoenix,1,0.01,23,,214.0,1.0,122.1,,0.74,0.22,0.17,0.13,17,17,5,4,3
78,kaboose,Jake McDonald,United States,,phoenix,41,0.21,864,,207.3,0.96,125.8,,0.72,0.19,0.14,0.21,618,641,160,121,128
79,rara,Noah Giesbrecht,United States,,phoenix,18,0.31,365,,256.6,1.21,162.5,,0.88,0.24,0.17,0.17,323,267,88,63,43
92,ScreaM,Adil Benrlitom,Belgium,,phoenix,46,0.14,896,1.29,288.2,1.46,179.4,0.78,0.98,0.27,0.19,0.11,875,598,240,169,96
99,L1NK,Travis Mendoza,United Kingdom,,phoenix,1,0.0,20,,130.0,0.6,70.7,,0.45,0.15,0.0,0.15,9,15,3,0,3
100,ec1s,Adam Eccles,United Kingdom,,phoenix,1,0.0,20,1.31,270.0,1.4,150.1,0.95,1.05,0.35,0.25,0.2,21,15,7,5,4
2,brax,Braxton Pierce,United States,,raze,14,0.06,287,1.22,209.0,0.94,172.2,0.78,0.68,0.27,0.1,0.06,195,208,77,30,5
4,crashies,Austin Roberts,United States,,raze,2,0.0,29,,292.0,1.47,161.7,,0.97,0.28,0.21,0.14,28,19,8,6,4
9,TenZ,Tyson Ngo,Canada,,raze,32,0.07,694,1.03,273.4,1.15,168.9,0.69,0.89,0.26,0.18,0.16,617,537,181,123,85
10,rhyme,Emir Muminovic,Norway,,raze,131,0.34,2682,1.14,247.9,1.2,161.7,0.73,0.83,0.21,0.18,0.14,2232,1857,554,480,321
11,Zyppan,Pontus Eek,Sweden,,raze,235,0.45,4848,1.09,256.4,1.22,159.6,0.72,0.86,0.23,0.17,0.13,4158,3413,1134,807,500
12,sinatraa,Jay Won,United States,,raze,67,0.34,1381,1.1,242.3,1.02,156.0,0.75,0.78,0.31,0.13,0.13,1078,1057,435,182,158
15,m1lky,Kiara Blue Kukilakilaokalani Makua,United States,,raze,17,0.14,348,0.79,200.0,0.79,129.4,0.63,0.65,0.25,0.18,0.22,225,285,88,62,75
16,EMUHLEET,Emmalee Garrido,United States,,raze,5,0.02,92,,240.0,1.11,138.4,,0.79,0.24,0.1,0.09,73,66,22,9,8
19,jammyz,Jamal Bangash,United States,,raze,16,0.08,331,0.88,214.1,1.0,144.8,0.69,0.73,0.23,0.13,0.16,241,242,76,44,53
20,Khai,Andrew Nguyen,United States,,raze,1,0.01,20,0.97,211.0,1.0,137.3,0.55,0.7,0.1,0.15,0.15,14,14,2,3,3
21,Turnup,Joseph Sicre,United States,,raze,1,0.01,19,,137.0,0.56,,,0.47,0.11,0.05,,9,16,2,1,0
31,Trick,Justin Sears,United States,,raze,141,0.26,2905,0.99,233.0,1.02,149.0,0.72,0.76,0.25,0.15,0.13,2209,2174,735,431,383
36,YaBoiDre,Diondre Bond,United States,,raze,81,0.19,1768,1.0,235.9,1.08,154.9,0.68,0.8,0.22,0.12,0.11,1410,1308,394,207,186
42,KDS,,United States,,raze,9,0.45,181,0.79,185.1,0.75,121.7,0.66,0.61,0.22,0.16,0.21,111,148,39,29,38
45,SicK,Hunter Mims,United States,,raze,23,0.07,485,1.13,242.7,1.23,153.8,0.76,0.85,0.24,0.12,0.12,412,335,117,59,57
46,ShahZaM,Shahzeb Khan,United States,,raze,2,0.0,51,0.87,196.0,0.85,128.5,0.69,0.65,0.16,0.06,0.1,33,39,8,3,5
50,Skadoodle,Tyler Latham,United States,,raze,15,0.1,318,,240.5,1.14,147.8,,0.78,0.31,0.15,0.13,247,217,98,49,40
52,JoshRT,Josh Lee,United States,,raze,2,0.01,35,,210.0,0.92,112.6,,0.66,0.31,0.11,0.24,23,25,11,4,4
55,Winsum,Ryan Johns,United States,,raze,266,0.61,5429,1.08,250.1,1.13,155.3,0.72,0.84,0.23,0.16,0.16,4563,4040,1241,891,857
57,Hiko,Spencer Martin,United States,,raze,13,0.06,278,,259.5,1.38,142.2,,0.89,0.28,0.08,0.07,248,180,78,22,2
58,Relyks,Skyler Weaver,United States,,raze,79,0.34,1622,0.96,236.2,1.16,152.8,0.69,0.8,0.22,0.12,0.1,1290,1108,358,192,159
62,HUYNH,Danny Huynh,Vietnam,,raze,9,0.01,183,0.79,193.6,0.81,124.0,0.64,0.64,0.21,0.12,0.13,117,144,38,22,24
64,gMd,Anthony Guimond,Canada,,raze,47,0.05,969,1.02,242.8,1.18,159.1,0.71,0.82,0.21,0.14,0.16,798,675,208,136,88
69,thief,Brady Dever,United States,,raze,115,0.16,2373,1.12,250.9,1.18,161.1,0.74,0.85,0.22,0.15,0.13,2016,1715,520,366,309
71,Drone,Taylor Johnson,United States,,raze,69,0.11,1394,1.08,231.4,1.14,152.3,0.71,0.8,0.2,0.14,0.13,1117,984,274,193,185
72,WARDELL,Matthew Yu,Canada,,raze,17,0.05,325,1.31,264.8,1.34,175.3,0.83,0.87,0.34,0.22,0.12,283,211,112,73,39
73,reltuC,Stephen Cutler,United States,,raze,5,0.02,105,1.24,233.8,1.4,146.6,0.78,0.83,0.21,0.1,0.03,87,62,22,10,2
75,Subroza,Yassine Taoufik,Canada,,raze,20,0.05,406,0.49,218.4,0.97,139.4,0.55,0.72,0.21,0.12,0.18,291,301,87,48,73
78,kaboose,Jake McDonald,United States,,raze,90,0.45,1813,1.04,222.1,1.07,138.9,0.72,0.76,0.19,0.13,0.13,1383,1290,341,243,237
79,rara,Noah Giesbrecht,United States,,raze,3,0.05,67,,268.3,1.06,181.7,,0.82,0.28,0.09,0.14,55,52,19,6,3
80,witmer,Shawn Taylor,United States,,raze,49,0.24,1048,0.8,207.6,0.85,136.0,0.69,0.67,0.24,0.13,0.14,701,824,250,136,150
81,Taimou,Timo Kettunen,Finland,,raze,7,0.05,128,1.01,240.6,1.16,152.0,0.8,0.78,0.25,0.16,0.19,100,86,32,21,24
82,TviQ,Kevyn Lindström,Sweden,,raze,2,0.03,36,0.94,217.5,1.0,144.4,0.75,0.69,0.33,0.11,0.22,25,25,12,4,8
89,Deken,Bastien Bossu,France,,raze,11,0.32,217,,220.5,0.98,140.7,,0.75,0.21,0.09,0.09,162,165,45,20,20
92,ScreaM,Adil Benrlitom,Belgium,,raze,48,0.14,1035,1.03,228.7,1.05,155.8,0.7,0.77,0.19,0.16,0.14,799,759,199,161,147
93,Mixwell,Oscar Cañellas,Spain,,raze,24,0.07,488,1.27,286.5,1.46,178.7,0.77,0.98,0.29,0.2,0.14,477,327,142,97,70
98,ardiis,Ardis Svarenieks,Latvia,,raze,27,0.07,562,0.98,265.1,1.14,164.7,0.74,0.86,0.29,0.15,0.12,483,425,164,84,53
99,L1NK,Travis Mendoza,United Kingdom,,raze,38,0.09,786,1.23,249.4,1.33,165.6,0.77,0.88,0.19,0.14,0.09,692,520,149,107,70
2,brax,Braxton Pierce,United States,,reyna,5,0.02,102,1.15,220.6,1.24,151.5,0.7,0.82,0.15,0.09,0.1,84,68,15,9,10
4,crashies,Austin Roberts,United States,,reyna,1,0.0,14,1.79,332.0,2.83,202.3,0.93,1.21,0.36,0.29,0.14,17,6,5,4,2
9,TenZ,Tyson Ngo,Canada,,reyna,64,0.14,1286,1.28,284.1,1.47,171.9,0.77,0.99,0.29,0.19,0.12,1271,864,371,244,154
10,rhyme,Emir Muminovic,Norway,,reyna,3,0.01,65,,206.3,0.9,,,0.72,0.17,0.09,,47,52,11,6,0
11,Zyppan,Pontus Eek,Sweden,,reyna,13,0.02,267,1.2,254.1,1.28,164.2,0.73,0.9,0.21,0.16,0.11,241,188,57,43,30
12,sinatraa,Jay Won,United States,,reyna,6,0.03,127,1.17,252.7,1.1,155.7,0.77,0.86,0.34,0.21,0.15,109,99,43,27,16
15,m1lky,Kiara Blue Kukilakilaokalani Makua,United States,,reyna,27,0.22,541,0.96,242.6,1.04,134.5,0.66,0.82,0.21,0.19,0.21,443,427,113,105,111
16,EMUHLEET,Emmalee Garrido,United States,,reyna,17,0.06,315,0.6,207.2,0.98,132.0,0.49,0.75,0.21,0.11,0.1,235,241,67,35,32
19,jammyz,Jamal Bangash,United States,,reyna,14,0.07,301,,230.7,1.07,145.4,,0.78,0.3,0.14,0.18,236,221,91,43,44
20,Khai,Andrew Nguyen,United States,,reyna,32,0.33,633,1.13,228.8,1.1,143.0,0.75,0.8,0.25,0.13,0.13,507,461,156,80,85
22,Joseph,Joseph Rivera,United States,,reyna,1,0.0,15,0.88,237.0,0.86,143.4,0.73,0.8,0.33,0.27,0.0,12,14,5,4,0
31,Trick,Justin Sears,United States,,reyna,3,0.01,64,0.94,206.7,0.9,140.9,0.67,0.67,0.19,0.08,0.19,43,48,12,5,12
34,Venerated,Zachary Roach,United States,,reyna,1,0.01,15,,172.0,0.62,112.1,,0.53,0.33,0.0,0.2,8,13,5,0,3
35,Valliate,Keane Alonso,United States,,reyna,1,0.03,21,,197.0,1.07,130.5,,0.71,0.19,0.14,0.14,15,14,4,3,3
36,YaBoiDre,Diondre Bond,United States,,reyna,35,0.08,723,1.25,270.6,1.3,164.9,0.73,0.95,0.19,0.19,0.13,684,525,135,135,95
53,Inspire,Hunter Schline,United States,,reyna,1,0.0,22,1.02,234.0,1.33,152.4,0.59,0.91,0.09,0.14,0.32,20,15,2,3,7
55,Winsum,Ryan Johns,United States,,reyna,36,0.08,776,0.82,216.5,1.02,142.0,0.58,0.76,0.23,0.13,0.18,589,575,181,100,130
58,Relyks,Skyler Weaver,United States,,reyna,7,0.03,137,1.04,263.4,1.38,151.2,0.79,0.93,0.23,0.12,0.16,128,93,31,16,14
61,PLAYER1,Keven Champagne,Canada,,reyna,3,0.01,57,,250.3,1.42,148.7,,0.89,0.26,0.14,0.09,51,36,15,8,5
63,MkaeL,Michael De Luca,Canada,,reyna,1,0.0,16,,309.0,3.0,185.8,,1.13,0.44,0.19,0.06,18,6,7,3,1
64,gMd,Anthony Guimond,Canada,,reyna,7,0.01,149,1.15,248.0,1.29,153.9,0.67,0.9,0.15,0.15,0.09,134,104,23,23,11
69,thief,Brady Dever,United States,,reyna,172,0.23,3660,1.14,238.0,1.17,151.4,0.72,0.85,0.18,0.15,0.14,3107,2663,672,538,521
75,Subroza,Yassine Taoufik,Canada,,reyna,12,0.03,228,1.01,233.3,1.11,140.1,0.74,0.8,0.21,0.17,0.14,183,165,47,38,22
76,Kurt,Kurtis Gallo,United States,,reyna,11,0.06,237,0.82,224.7,1.08,131.8,0.71,0.78,0.21,0.15,0.09,186,173,49,35,22
78,kaboose,Jake McDonald,United States,,reyna,37,0.19,736,,205.7,0.98,131.1,,0.71,0.2,0.15,0.15,522,532,148,112,78
79,rara,Noah Giesbrecht,United States,,reyna,22,0.38,417,0.97,241.7,1.2,149.1,0.65,0.86,0.19,0.16,0.13,360,301,81,67,55
80,witmer,Shawn Taylor,United States,,reyna,8,0.04,170,0.59,180.0,0.64,120.4,0.6,0.56,0.23,0.14,0.23,96,150,39,24,39
81,Taimou,Timo Kettunen,Finland,,reyna,9,0.06,188,1.24,266.2,1.27,165.2,0.78,0.91,0.29,0.19,0.09,172,135,55,35,17
82,TviQ,Kevyn Lindström,Sweden,,reyna,2,0.03,41,0.87,155.5,0.84,94.8,0.68,0.51,0.29,0.15,0.17,21,25,12,6,7
92,ScreaM,Adil Benrlitom,Belgium,,reyna,68,0.2,1400,1.23,282.6,1.45,174.7,0.76,0.98,0.22,0.18,0.11,1377,947,304,254,115
93,Mixwell,Oscar Cañellas,Spain,,reyna,2,0.01,37,,276.5,1.64,162.9,,0.97,0.3,0.3,0.03,36,22,11,11,1
99,L1NK,Travis Mendoza,United Kingdom,,reyna,3,0.01,63,1.19,266.3,1.36,169.5,0.79,0.97,0.16,0.16,0.08,61,45,10,10,5
3,AZK,Keven Larivière,Canada,,sage,7,0.08,144,,174.7,1.0,115.0,,0.63,0.31,0.06,0.07,91,91,45,9,5
4,crashies,Austin Roberts,United States,,sage,1,0.0,22,1.21,235.0,1.36,125.1,0.77,0.86,0.45,0.14,0.18,19,14,10,3,4
6,Tenner,Leander Aspestrand,Norway,,sage,2,0.29,48,,178.5,0.78,,,0.6,0.29,0.08,,29,37,14,4,0
7,bonkar,Malkolm Rench,Sweden,,sage,14,0.04,306,0.85,149.6,0.83,98.7,0.69,0.56,0.36,0.06,0.07,170,206,109,17,21
9,TenZ,Tyson Ngo,Canada,,sage,4,0.01,90,0.95,261.3,1.25,128.7,0.63,0.93,0.22,0.17,0.09,84,67,20,15,4
10,rhyme,Emir Muminovic,Norway,,sage,19,0.05,418,0.67,195.4,0.98,111.2,0.68,0.68,0.29,0.08,0.11,283,289,122,35,23
11,Zyppan,Pontus Eek,Sweden,,sage,34,0.06,696,1.03,205.5,1.12,132.2,0.74,0.74,0.3,0.09,0.09,518,461,206,62,66
15,m1lky,Kiara Blue Kukilakilaokalani Makua,United States,,sage,2,0.02,47,0.71,157.0,0.69,96.1,0.64,0.51,0.21,0.11,0.09,24,35,10,5,4
16,EMUHLEET,Emmalee Garrido,United States,,sage,10,0.03,216,1.16,208.6,1.14,123.9,0.82,0.71,0.43,0.1,0.07,154,135,93,21,15
19,jammyz,Jamal Bangash,United States,,sage,3,0.01,69,0.93,169.3,0.91,116.3,0.7,0.62,0.36,0.04,0.07,43,47,25,3,5
20,Khai,Andrew Nguyen,United States,,sage,12,0.12,247,1.19,181.8,0.86,134.8,0.75,0.64,0.42,0.06,0.13,157,182,103,15,7
21,Turnup,Joseph Sicre,United States,,sage,2,0.01,43,,149.5,0.78,,,0.58,0.3,0.05,,25,32,13,2,0
22,Joseph,Joseph Rivera,United States,,sage,3,0.01,64,1.05,237.3,1.08,133.6,0.7,0.81,0.31,0.13,0.09,52,48,20,8,6
31,Trick,Justin Sears,United States,,sage,7,0.01,142,0.8,182.7,0.77,117.6,0.7,0.6,0.3,0.11,0.13,85,110,43,15,19
34,Venerated,Zachary Roach,United States,,sage,1,0.01,22,0.7,159.0,0.71,94.5,0.59,0.55,0.23,0.09,0.27,12,17,5,2,6
36,YaBoiDre,Diondre Bond,United States,,sage,28,0.07,599,1.35,209.6,1.08,180.9,0.78,0.76,0.34,0.08,0.06,454,422,205,49,9
45,SicK,Hunter Mims,United States,,sage,131,0.38,2709,1.15,226.0,1.28,139.9,0.74,0.81,0.31,0.11,0.09,2202,1719,847,293,148
50,Skadoodle,Tyler Latham,United States,,sage,28,0.19,553,1.18,194.1,1.14,120.7,0.8,0.68,0.28,0.11,0.06,378,331,153,61,13
52,JoshRT,Josh Lee,United States,,sage,1,0.01,32,,297.0,1.43,188.6,,0.94,0.31,0.22,0.19,30,21,10,7,6
53,Inspire,Hunter Schline,United States,,sage,8,0.03,165,0.79,154.1,0.78,100.7,0.65,0.55,0.22,0.07,0.18,91,117,36,11,29
54,cp2,Chuck Proud,United States,,sage,2,0.01,47,,192.5,0.94,112.7,,0.68,0.23,0.17,0.02,32,34,11,8,1
55,Winsum,Ryan Johns,United States,,sage,9,0.02,174,0.97,196.1,1.07,114.6,0.7,0.73,0.29,0.07,0.17,127,119,50,12,29
56,shroud,Michael Grzesiek,Canada,,sage,1,0.09,17,1.25,202.0,1.5,132.2,0.88,0.71,0.18,0.0,0.0,12,8,3,0,0
61,PLAYER1,Keven Champagne,Canada,,sage,1,0.0,21,,224.0,0.94,142.3,,0.76,0.29,0.14,0.19,16,17,6,3,4
62,HUYNH,Danny Huynh,Vietnam,,sage,29,0.03,584,1.01,177.7,1.06,116.5,0.75,0.65,0.33,0.11,0.07,380,357,192,63,33
65,effys,Loic Sauvageau,Canada,,sage,82,0.22,1686,1.01,177.7,0.98,118.5,0.73,0.63,0.35,0.05,0.06,1061,1080,591,88,47
68,ROY,Roy Ahad,Canada,,sage,4,0.01,86,0.79,170.0,0.78,107.3,0.65,0.62,0.19,0.06,0.12,53,68,16,5,10
69,thief,Brady Dever,United States,,sage,6,0.01,117,1.07,186.2,1.08,125.7,0.74,0.71,0.33,0.09,0.14,83,77,39,11,16
70,anger,Todd Williams,United States,,sage,2,0.02,38,,157.0,0.68,92.1,,0.5,0.42,0.05,0.16,19,28,16,2,6
71,Drone,Taylor Johnson,United States,,sage,15,0.02,291,1.09,206.1,1.19,130.0,0.71,0.77,0.33,0.07,0.08,223,187,96,19,23
72,WARDELL,Matthew Yu,Canada,,sage,18,0.05,377,1.09,204.7,1.17,124.8,0.8,0.75,0.26,0.11,0.1,282,241,98,42,37
73,reltuC,Stephen Cutler,United States,,sage,1,0.0,19,0.83,118.0,0.9,77.4,0.79,0.47,0.16,0.0,0.11,9,10,3,0,2
74,hazed,James Cobb,United States,,sage,47,0.12,944,0.65,176.4,1.07,130.7,0.63,0.63,0.36,0.06,0.13,599,559,344,58,25
75,Subroza,Yassine Taoufik,Canada,,sage,4,0.01,81,0.91,210.3,0.97,130.5,0.67,0.69,0.33,0.15,0.14,56,58,27,12,11
79,rara,Noah Giesbrecht,United States,,sage,6,0.1,124,0.93,199.5,1.02,114.6,0.73,0.69,0.4,0.09,0.1,85,83,50,11,12
80,witmer,Shawn Taylor,United States,,sage,10,0.05,202,0.57,174.7,0.83,83.7,0.52,0.61,0.34,0.12,0.22,123,149,68,24,5
81,Taimou,Timo Kettunen,Finland,,sage,9,0.06,180,,249.9,1.28,154.7,,0.84,0.34,0.09,0.08,151,118,61,17,15
82,TviQ,Kevyn Lindström,Sweden,,sage,7,0.12,153,0.98,179.0,1.05,103.5,0.76,0.63,0.28,0.08,0.12,96,91,43,13,18
89,Deken,Bastien Bossu,France,,sage,14,0.41,284,0.86,207.0,1.02,133.1,0.68,0.7,0.31,0.05,0.06,199,196,87,13,17
90,iDex,Sammy Van de Weghe,Belgium,,sage,22,0.06,448,0.87,195.3,0.87,121.9,0.67,0.66,0.28,0.12,0.13,295,340,125,53,57
92,ScreaM,Adil Benrlitom,Belgium,,sage,37,0.11,762,1.24,248.8,1.3,152.3,0.75,0.87,0.25,0.13,0.08,665,513,194,97,58
93,Mixwell,Oscar Cañellas,Spain,,sage,7,0.02,139,0.87,185.6,0.85,118.4,0.71,0.65,0.34,0.09,0.09,90,106,47,12,12
97,Kryptix,James Affleck,United Kingdom,,sage,1,0.0,19,1.02,193.0,0.71,136.4,0.74,0.63,0.42,0.05,0.05,12,17,8,1,1
98,ardiis,Ardis Svarenieks,Latvia,,sage,19,0.05,374,1.07,211.0,1.12,130.4,0.77,0.71,0.42,0.14,0.09,265,236,157,51,32
99,L1NK,Travis Mendoza,United Kingdom,,sage,91,0.21,1864,1.02,208.9,1.19,129.0,0.72,0.74,0.28,0.07,0.08,1377,1161,521,129,98
100,ec1s,Adam Eccles,United Kingdom,,sage,2,0.01,33,0.96,209.0,0.81,127.3,0.85,0.64,0.42,0.09,0.06,21,26,14,3,2
2,brax,Braxton Pierce,United States,,skye,3,0.01,61,1.06,173.7,0.95,113.7,0.72,0.59,0.43,0.05,0.07,36,38,26,3,4
4,crashies,Austin Roberts,United States,,skye,96,0.17,2009,1.02,188.5,1.06,122.7,0.75,0.68,0.37,0.06,0.07,1363,1283,737,114,147
7,bonkar,Malkolm Rench,Sweden,,skye,2,0.01,40,0.82,155.0,0.81,104.7,0.58,0.53,0.35,0.03,0.0,21,26,14,1,0
10,rhyme,Emir Muminovic,Norway,,skye,2,0.01,46,0.63,131.0,0.54,92.5,0.59,0.43,0.15,0.11,0.09,20,37,7,5,4
11,Zyppan,Pontus Eek,Sweden,,skye,27,0.05,602,0.94,191.3,0.94,126.2,0.72,0.67,0.28,0.1,0.08,405,432,171,60,50
16,EMUHLEET,Emmalee Garrido,United States,,skye,10,0.03,220,0.83,135.8,0.7,88.0,0.75,0.46,0.55,0.03,0.09,102,146,122,7,20
17,theia,Melisa Mundorff,United States,,skye,7,0.01,126,0.98,173.6,1.01,110.5,0.65,0.67,0.28,0.09,0.1,84,83,35,11,13
19,jammyz,Jamal Bangash,United States,,skye,1,0.0,20,1.0,173.0,0.81,107.4,0.65,0.65,0.3,0.05,0.1,13,16,6,1,2
22,Joseph,Joseph Rivera,United States,,skye,1,0.0,18,1.15,174.0,1.0,123.3,0.94,0.61,0.78,0.0,0.17,11,11,14,0,3
31,Trick,Justin Sears,United States,,skye,71,0.13,1489,0.94,199.1,0.95,128.8,0.71,0.69,0.34,0.1,0.11,1022,1080,499,146,159
45,SicK,Hunter Mims,United States,,skye,29,0.08,616,1.08,210.5,1.19,142.8,0.77,0.77,0.24,0.11,0.07,473,399,149,65,46
46,ShahZaM,Shahzeb Khan,United States,,skye,25,0.06,522,0.97,184.7,0.92,121.9,0.69,0.65,0.39,0.06,0.07,338,369,203,32,35
48,dizzy,,United States,,skye,3,0.16,48,0.67,101.0,0.53,67.3,0.77,0.33,0.42,0.02,0.08,16,30,20,1,4
50,Skadoodle,Tyler Latham,United States,,skye,11,0.07,219,1.0,177.1,1.07,107.8,0.74,0.65,0.25,0.06,0.07,142,133,55,14,16
52,JoshRT,Josh Lee,United States,,skye,3,0.02,59,,146.7,0.74,91.6,,0.53,0.37,0.07,0.08,31,42,22,4,5
54,cp2,Chuck Proud,United States,,skye,2,0.01,32,,178.0,0.69,108.5,,0.63,0.16,0.09,0.06,20,29,5,3,2
55,Winsum,Ryan Johns,United States,,skye,42,0.1,843,1.01,196.8,1.02,124.6,0.71,0.71,0.35,0.07,0.11,595,584,299,58,90
58,Relyks,Skyler Weaver,United States,,skye,3,0.01,67,0.92,186.7,0.91,115.7,0.75,0.61,0.28,0.09,0.06,41,45,19,6,4
62,HUYNH,Danny Huynh,Vietnam,,skye,7,0.01,144,0.86,164.6,0.95,100.2,0.67,0.62,0.19,0.06,0.08,89,94,28,9,12
63,MkaeL,Michael De Luca,Canada,,skye,4,0.02,83,0.8,145.5,0.59,94.7,0.71,0.46,0.37,0.01,0.06,38,64,31,1,5
64,gMd,Anthony Guimond,Canada,,skye,31,0.04,595,1.09,199.2,1.14,127.2,0.75,0.73,0.39,0.06,0.06,433,380,230,36,37
65,effys,Loic Sauvageau,Canada,,skye,4,0.01,89,0.7,143.8,0.72,98.6,0.72,0.46,0.29,0.01,0.04,41,57,26,1,4
68,ROY,Roy Ahad,Canada,,skye,256,0.39,5243,1.02,199.8,1.07,122.2,0.75,0.7,0.33,0.09,0.08,3686,3461,1738,449,437
69,thief,Brady Dever,United States,,skye,26,0.04,531,0.87,167.2,0.88,110.3,0.63,0.62,0.17,0.06,0.09,331,376,91,32,48
71,Drone,Taylor Johnson,United States,,skye,40,0.07,827,0.98,201.3,1.02,128.1,0.7,0.72,0.32,0.08,0.08,592,579,267,68,70
73,reltuC,Stephen Cutler,United States,,skye,10,0.03,197,,157.2,1.09,97.4,,0.59,0.24,0.04,0.03,117,107,48,8,5
75,Subroza,Yassine Taoufik,Canada,,skye,84,0.22,1739,0.97,213.8,1.06,135.7,0.71,0.75,0.26,0.11,0.11,1307,1232,455,198,197
76,Kurt,Kurtis Gallo,United States,,skye,1,0.01,16,1.0,117.0,1.0,89.6,0.75,0.5,0.44,0.0,0.0,8,8,7,0,0
81,Taimou,Timo Kettunen,Finland,,skye,5,0.03,106,1.06,227.4,1.01,146.7,0.71,0.78,0.26,0.04,0.11,83,82,28,4,12
82,TviQ,Kevyn Lindström,Sweden,,skye,8,0.14,143,1.1,180.3,1.26,113.4,0.81,0.69,0.27,0.08,0.1,98,78,38,11,15
87,Ex6TenZ,Kévin Droolans,Belgium,,skye,17,0.14,354,0.89,174.3,0.89,109.1,0.69,0.62,0.22,0.06,0.1,220,246,79,23,34
90,iDex,Sammy Van de Weghe,Belgium,,skye,4,0.01,78,0.73,143.3,0.76,96.7,0.6,0.54,0.17,0.12,0.18,42,55,13,9,14
92,ScreaM,Adil Benrlitom,Belgium,,skye,7,0.02,146,0.99,190.7,1.02,127.9,0.68,0.68,0.23,0.05,0.07,100,98,34,8,10
93,Mixwell,Oscar Cañellas,Spain,,skye,19,0.06,365,0.91,192.7,0.98,118.3,0.69,0.69,0.23,0.05,0.11,253,257,83,19,40
97,Kryptix,James Affleck,United Kingdom,,skye,2,0.01,46,0.74,149.0,0.71,102.0,0.74,0.52,0.39,0.04,0.11,24,34,18,2,5
98,ardiis,Ardis Svarenieks,Latvia,,skye,2,0.01,54,0.74,135.0,0.69,91.3,0.74,0.46,0.28,0.06,0.06,25,36,15,3,3
99,L1NK,Travis Mendoza,United Kingdom,,skye,1,0.0,23,0.76,165.0,0.88,96.2,0.7,0.61,0.17,0.09,0.04,14,16,4,2,1
100,ec1s,Adam Eccles,United Kingdom,,skye,25,0.07,545,0.98,185.9,0.99,118.8,0.74,0.64,0.39,0.08,0.08,350,353,214,46,44
2,brax,Braxton Pierce,United States,,sova,35,0.15,684,1.24,212.8,1.31,142.8,0.77,0.74,0.37,0.05,0.05,507,386,250,36,33
3,AZK,Keven Larivière,Canada,,sova,8,0.09,151,,257.4,1.45,,,0.89,0.34,0.04,,135,93,51,6,0
4,crashies,Austin Roberts,United States,,sova,301,0.52,6358,1.08,207.1,1.13,137.7,0.74,0.72,0.32,0.06,0.06,4574,4031,2049,404,361
6,Tenner,Leander Aspestrand,Norway,,sova,5,0.71,101,,199.0,1.15,,,0.74,0.36,0.07,,75,65,36,7,0
7,bonkar,Malkolm Rench,Sweden,,sova,153,0.46,3149,0.94,165.2,0.87,112.1,0.74,0.54,0.39,0.05,0.05,1714,1960,1230,148,158
10,rhyme,Emir Muminovic,Norway,,sova,32,0.08,649,1.0,205.0,1.06,135.8,0.75,0.69,0.37,0.1,0.09,445,418,241,62,57
11,Zyppan,Pontus Eek,Sweden,,sova,15,0.03,308,0.98,176.5,0.93,124.5,0.67,0.62,0.28,0.06,0.08,192,207,86,20,26
12,sinatraa,Jay Won,United States,,sova,93,0.47,1967,1.29,242.2,1.18,154.7,0.8,0.8,0.46,0.1,0.07,1565,1322,911,200,101
21,Turnup,Joseph Sicre,United States,,sova,92,0.62,1896,1.03,189.9,0.99,123.8,0.7,0.64,0.36,0.08,0.06,1213,1231,688,144,115
22,Joseph,Joseph Rivera,United States,,sova,11,0.05,218,0.89,171.3,0.9,117.2,0.69,0.61,0.26,0.03,0.08,133,148,56,6,17
25,Jack1,Jack Hughett,United States,,sova,30,0.57,622,1.04,206.8,0.98,139.3,0.72,0.7,0.32,0.07,0.05,434,441,198,42,32
31,Trick,Justin Sears,United States,,sova,168,0.31,3364,1.06,210.1,1.04,139.5,0.75,0.68,0.39,0.09,0.08,2301,2221,1319,319,285
34,Venerated,Zachary Roach,United States,,sova,50,0.68,1069,,223.1,1.13,145.2,,0.75,0.39,0.12,0.06,802,707,412,128,40
36,YaBoiDre,Diondre Bond,United States,,sova,40,0.1,838,1.14,220.4,1.13,150.8,0.77,0.78,0.3,0.06,0.06,654,578,250,49,47
42,KDS,,United States,,sova,3,0.15,63,0.82,159.3,0.63,117.3,0.62,0.51,0.35,0.02,0.05,32,51,22,1,3
45,SicK,Hunter Mims,United States,,sova,19,0.06,389,1.08,196.4,1.17,122.3,0.77,0.71,0.33,0.04,0.04,278,237,129,16,17
46,ShahZaM,Shahzeb Khan,United States,,sova,179,0.43,3765,1.11,198.9,1.12,131.6,0.75,0.69,0.33,0.06,0.05,2589,2309,1250,235,182
48,dizzy,,United States,,sova,6,0.32,124,0.83,167.7,0.8,115.3,0.64,0.59,0.25,0.06,0.08,73,91,31,8,10
50,Skadoodle,Tyler Latham,United States,,sova,25,0.17,473,,199.8,1.32,125.3,,0.69,0.38,0.07,0.05,327,247,180,35,13
52,JoshRT,Josh Lee,United States,,sova,45,0.28,961,0.79,186.5,0.88,120.1,0.73,0.62,0.35,0.06,0.07,598,680,332,61,46
54,cp2,Chuck Proud,United States,,sova,39,0.15,813,1.12,201.1,1.02,126.6,0.78,0.7,0.37,0.08,0.07,566,553,300,69,45
55,Winsum,Ryan Johns,United States,,sova,4,0.01,78,1.14,191.3,1.02,131.9,0.78,0.64,0.47,0.05,0.08,50,49,37,4,6
57,Hiko,Spencer Martin,United States,,sova,157,0.7,3281,1.12,192.2,1.15,129.3,0.75,0.67,0.37,0.03,0.03,2184,1899,1215,112,95
62,HUYNH,Danny Huynh,Vietnam,,sova,218,0.21,4510,1.06,191.3,1.04,130.9,0.75,0.65,0.35,0.07,0.07,2941,2829,1561,297,262
63,MkaeL,Michael De Luca,Canada,,sova,131,0.53,2707,1.02,196.0,1.02,128.3,0.76,0.63,0.42,0.06,0.06,1698,1669,1148,157,168
64,gMd,Anthony Guimond,Canada,,sova,17,0.02,353,1.13,212.6,1.12,148.6,0.73,0.75,0.31,0.05,0.06,263,235,108,19,15
65,effys,Loic Sauvageau,Canada,,sova,191,0.51,3892,1.09,194.8,1.12,130.1,0.77,0.67,0.36,0.06,0.05,2612,2339,1391,216,202
66,sonii,Michael Sherman,United States,,sova,13,0.93,253,,140.1,0.53,,,0.43,0.29,0.03,,110,209,74,8,0
68,ROY,Roy Ahad,Canada,,sova,122,0.19,2497,0.99,175.9,0.96,120.4,0.72,0.61,0.32,0.05,0.06,1513,1575,810,118,142
71,Drone,Taylor Johnson,United States,,sova,125,0.2,2517,1.14,219.3,1.22,143.0,0.76,0.76,0.3,0.07,0.06,1908,1563,743,180,142
72,WARDELL,Matthew Yu,Canada,,sova,22,0.06,434,,235.2,1.58,,,0.89,0.26,0.13,,385,243,111,56,0
73,reltuC,Stephen Cutler,United States,,sova,61,0.21,1191,,181.9,1.07,118.7,,0.62,0.38,0.05,0.05,739,690,452,57,55
76,Kurt,Kurtis Gallo,United States,,sova,78,0.44,1541,1.02,205.2,1.0,135.7,0.7,0.68,0.33,0.06,0.07,1048,1046,508,100,108
79,rara,Noah Giesbrecht,United States,,sova,5,0.09,115,,186.0,0.97,127.2,,0.63,0.34,0.06,0.03,73,75,39,7,3
81,Taimou,Timo Kettunen,Finland,,sova,74,0.51,1539,1.07,219.8,1.11,140.5,0.74,0.75,0.35,0.1,0.08,1151,1040,542,155,118
82,TviQ,Kevyn Lindström,Sweden,,sova,14,0.24,274,,199.6,0.88,124.7,,0.62,0.41,0.11,0.05,170,193,112,29,14
88,Maniac,Mathieu Quiquerez,Switzerland,,sova,11,0.79,232,,172.7,0.83,137.0,,0.61,0.28,0.1,0.15,142,171,66,19,3
90,iDex,Sammy Van de Weghe,Belgium,,sova,19,0.05,408,0.84,180.2,0.85,105.5,0.68,0.61,0.26,0.07,0.09,249,292,108,28,34
97,Kryptix,James Affleck,United Kingdom,,sova,25,0.08,527,1.15,211.2,1.22,141.9,0.77,0.75,0.3,0.05,0.03,395,323,156,27,18
98,ardiis,Ardis Svarenieks,Latvia,,sova,133,0.34,2702,1.05,228.5,1.18,146.0,0.73,0.76,0.41,0.09,0.06,2047,1742,1102,233,124
99,L1NK,Travis Mendoza,United Kingdom,,sova,12,0.03,257,0.48,186.7,0.96,133.3,0.57,0.65,0.38,0.07,0.08,167,174,97,18,15
100,ec1s,Adam Eccles,United Kingdom,,sova,47,0.14,966,1.08,201.0,1.12,134.0,0.76,0.69,0.34,0.06,0.06,671,598,324,60,59
4,crashies,Austin Roberts,United States,,tejo,8,0.01,185,1.04,193.0,1.08,132.8,0.79,0.7,0.29,0.07,0.05,129,120,54,13,9
11,Zyppan,Pontus Eek,Sweden,,tejo,20,0.04,459,0.93,179.6,0.94,120.3,0.71,0.63,0.19,0.06,0.08,291,311,86,29,37
62,HUYNH,Danny Huynh,Vietnam,,tejo,1,0.0,20,0.36,100.0,0.37,70.1,0.8,0.35,0.3,0.0,0.15,7,19,6,0,3
64,gMd,Anthony Guimond,Canada,,tejo,1,0.0,18,1.2,259.0,1.0,168.3,0.56,0.89,0.28,0.06,0.06,16,16,5,1,1
68,ROY,Roy Ahad,Canada,,tejo,3,0.0,72,0.95,188.3,1.09,119.8,0.69,0.69,0.19,0.04,0.04,50,46,14,3,3
90,iDex,Sammy Van de Weghe,Belgium,,tejo,17,0.04,366,0.96,186.5,0.95,125.6,0.71,0.64,0.26,0.08,0.06,233,246,95,31,21
53,Inspire,Hunter Schline,United States,,veto,1,0.0,21,0.14,47.0,0.18,39.0,0.48,0.14,0.05,0.0,0.14,3,17,1,0,3
90,iDex,Sammy Van de Weghe,Belgium,,veto,1,0.0,24,1.09,214.0,1.13,126.4,0.75,0.75,0.04,0.21,0.13,18,16,1,5,3
2,brax,Braxton Pierce,United States,,viper,18,0.07,374,1.1,197.1,1.19,136.7,0.79,0.7,0.3,0.05,0.06,262,220,112,20,22
4,crashies,Austin Roberts,United States,,viper,10,0.02,212,0.84,184.3,0.88,125.8,0.69,0.65,0.26,0.05,0.09,137,156,56,11,19
7,bonkar,Malkolm Rench,Sweden,,viper,20,0.06,419,0.94,168.2,0.95,107.4,0.73,0.58,0.31,0.05,0.08,241,254,130,23,32
9,TenZ,Tyson Ngo,Canada,,viper,2,0.0,42,,226.5,0.91,,,0.76,0.14,0.05,,32,35,6,2,0
10,rhyme,Emir Muminovic,Norway,,viper,12,0.03,242,1.0,184.8,0.99,125.1,0.7,0.66,0.27,0.07,0.1,159,160,66,18,24
14,rain,Amanda Smith,Canada,,viper,25,0.09,508,1.0,197.6,0.94,130.9,0.71,0.66,0.31,0.07,0.06,335,357,156,35,32
15,m1lky,Kiara Blue Kukilakilaokalani Makua,United States,,viper,4,0.03,78,0.78,187.0,0.71,129.6,0.62,0.6,0.28,0.06,0.14,47,66,22,5,11
17,theia,Melisa Mundorff,United States,,viper,43,0.07,849,0.89,167.3,0.87,114.9,0.69,0.57,0.3,0.09,0.09,488,561,256,74,75
19,jammyz,Jamal Bangash,United States,,viper,44,0.22,946,1.0,188.5,1.0,123.3,0.74,0.66,0.24,0.08,0.07,621,620,230,71,65
20,Khai,Andrew Nguyen,United States,,viper,1,0.01,14,,79.0,0.14,72.5,,0.14,0.07,0.0,0.07,2,14,1,0,1
22,Joseph,Joseph Rivera,United States,,viper,10,0.04,203,0.92,189.0,0.93,127.7,0.65,0.67,0.21,0.07,0.1,137,147,42,14,20
31,Trick,Justin Sears,United States,,viper,35,0.06,739,1.0,200.9,0.97,133.2,0.73,0.66,0.4,0.09,0.1,488,503,297,67,74
35,Valliate,Keane Alonso,United States,,viper,4,0.12,77,,171.5,0.87,99.6,,0.58,0.1,0.06,0.16,45,52,8,5,12
36,YaBoiDre,Diondre Bond,United States,,viper,5,0.01,109,0.89,224.2,0.99,149.9,0.74,0.78,0.2,0.15,0.08,85,86,22,16,9
45,SicK,Hunter Mims,United States,,viper,2,0.01,53,0.95,169.0,0.97,109.7,0.68,0.62,0.34,0.08,0.11,33,34,18,4,6
47,zombs,Jared Gitlin,United States,,viper,33,0.1,699,0.97,180.8,0.97,115.8,0.72,0.62,0.32,0.05,0.07,436,449,223,38,51
52,JoshRT,Josh Lee,United States,,viper,6,0.04,116,1.13,183.5,0.81,117.3,0.75,0.63,0.23,0.08,0.15,73,90,27,9,17
53,Inspire,Hunter Schline,United States,,viper,7,0.02,156,0.87,178.4,0.83,124.3,0.65,0.61,0.18,0.1,0.12,95,115,28,15,18
54,cp2,Chuck Proud,United States,,viper,19,0.08,405,1.14,222.7,1.12,134.7,0.72,0.78,0.31,0.1,0.09,314,280,125,39,35
55,Winsum,Ryan Johns,United States,,viper,1,0.0,23,0.54,184.0,0.71,115.8,0.7,0.65,0.17,0.09,0.22,15,21,4,2,5
56,shroud,Michael Grzesiek,Canada,,viper,4,0.36,97,0.93,187.0,0.87,117.5,0.64,0.62,0.31,0.06,0.08,60,69,30,6,8
57,Hiko,Spencer Martin,United States,,viper,25,0.11,510,0.97,172.2,0.96,117.7,0.72,0.61,0.33,0.05,0.05,312,325,166,26,26
58,Relyks,Skyler Weaver,United States,,viper,4,0.02,93,1.02,178.8,0.9,116.5,0.63,0.61,0.17,0.06,0.06,57,63,16,6,6
62,HUYNH,Danny Huynh,Vietnam,,viper,105,0.1,2158,0.97,189.9,1.02,123.6,0.71,0.67,0.26,0.09,0.09,1442,1418,566,185,189
63,MkaeL,Michael De Luca,Canada,,viper,2,0.01,38,1.13,198.5,1.3,118.2,0.71,0.68,0.24,0.05,0.05,26,20,9,2,2
64,gMd,Anthony Guimond,Canada,,viper,40,0.05,849,1.02,199.2,1.04,131.5,0.73,0.7,0.29,0.07,0.09,595,571,245,62,71
68,ROY,Roy Ahad,Canada,,viper,13,0.02,259,1.02,202.3,1.0,134.5,0.73,0.69,0.34,0.09,0.08,180,180,89,24,22
69,thief,Brady Dever,United States,,viper,24,0.03,537,1.08,214.3,1.12,139.5,0.75,0.74,0.33,0.08,0.07,400,356,177,44,38
71,Drone,Taylor Johnson,United States,,viper,1,0.0,15,0.61,132.0,0.46,100.9,0.53,0.4,0.2,0.0,0.07,6,13,3,0,1
74,hazed,James Cobb,United States,,viper,72,0.18,1512,1.01,185.7,1.02,125.0,0.74,0.63,0.31,0.08,0.09,952,930,475,120,131
75,Subroza,Yassine Taoufik,Canada,,viper,22,0.06,422,1.05,202.4,1.19,132.8,0.74,0.71,0.27,0.1,0.1,298,250,115,41,42
76,Kurt,Kurtis Gallo,United States,,viper,14,0.08,288,0.92,191.4,0.93,124.2,0.67,0.68,0.2,0.1,0.07,195,210,59,28,21
80,witmer,Shawn Taylor,United States,,viper,3,0.01,68,,197.7,0.88,137.2,,0.68,0.22,0.03,0.16,46,52,15,2,11
81,Taimou,Timo Kettunen,Finland,,viper,2,0.01,42,0.89,148.0,0.89,100.1,0.62,0.57,0.19,0.1,0.14,24,27,8,4,6
90,iDex,Sammy Van de Weghe,Belgium,,viper,10,0.03,211,0.7,166.0,0.65,119.3,0.63,0.52,0.36,0.08,0.17,109,167,75,16,35
93,Mixwell,Oscar Cañellas,Spain,,viper,47,0.14,972,1.01,221.5,1.07,142.8,0.69,0.76,0.3,0.11,0.09,743,694,290,103,83
97,Kryptix,James Affleck,United Kingdom,,viper,44,0.14,928,1.01,183.0,1.03,117.9,0.73,0.63,0.32,0.05,0.07,586,570,294,45,64
99,L1NK,Travis Mendoza,United Kingdom,,viper,19,0.04,423,0.91,165.1,0.84,114.8,0.69,0.57,0.23,0.04,0.05,243,290,96,19,20
100,ec1s,Adam Eccles,United Kingdom,,viper,51,0.15,1074,1.05,210.5,1.06,140.4,0.72,0.71,0.33,0.09,0.09,765,721,359,96,102
53,Inspire,Hunter Schline,United States,,vyse,9,0.03,192,1.15,202.1,1.31,134.4,0.79,0.73,0.24,0.08,0.04,141,108,46,15,8
62,HUYNH,Danny Huynh,Vietnam,,vyse,1,0.0,15,1.39,199.0,2.4,136.7,0.87,0.8,0.27,0.0,0.07,12,5,4,0,1
69,thief,Brady Dever,United States,,vyse,27,0.04,563,0.95,181.4,0.92,123.2,0.72,0.63,0.31,0.06,0.07,356,385,173,33,39
90,iDex,Sammy Van de Weghe,Belgium,,vyse,1,0.0,24,1.06,219.0,0.95,162.9,0.71,0.75,0.38,0.13,0.08,18,19,9,3,2
99,L1NK,Travis Mendoza,United Kingdom,,vyse,10,0.02,204,0.92,196.0,0.99,130.0,0.7,0.68,0.21,0.09,0.11,138,140,43,19,23
7,bonkar,Malkolm Rench,Sweden,,yoru,1,0.0,16,0.57,122.0,0.36,93.9,0.5,0.31,0.25,0.0,0.13,5,14,4,0,2
9,TenZ,Tyson Ngo,Canada,,yoru,14,0.03,289,0.94,211.6,0.94,139.1,0.68,0.73,0.27,0.17,0.15,210,224,77,48,42
10,rhyme,Emir Muminovic,Norway,,yoru,7,0.02,135,0.88,195.0,0.87,131.5,0.71,0.64,0.22,0.15,0.17,87,100,30,20,23
11,Zyppan,Pontus Eek,Sweden,,yoru,1,0.0,18,0.44,143.0,0.56,94.6,0.56,0.5,0.11,0.17,0.22,9,16,2,3,4
69,thief,Brady Dever,United States,,yoru,1,0.0,24,0.96,191.0,1.14,132.7,0.83,0.67,0.21,0.13,0.04,16,14,5,3,1
92,ScreaM,Adil Benrlitom,Belgium,,yoru,2,0.01,41,1.05,242.0,1.06,147.6,0.76,0.83,0.22,0.24,0.17,34,32,9,10,7
93,Mixwell,Oscar Cañellas,Spain,,yoru,3,0.01,69,1.04,225.7,1.19,138.2,0.75,0.83,0.25,0.22,0.14,57,48,17,15,10
98,ardiis,Ardis Svarenieks,Latvia,,yoru,5,0.01,100,1.33,272.6,1.41,170.9,0.78,0.99,0.3,0.18,0.11,99,70,30,18,11
